Producer,Appellation,Cuvée / Wine,Region,Colour,Vintage,Format,Qty,Price/bottle,Price basis,Packaging / note
Domaine de la Romanée-Conti,,Domaine de la Romanee-Conti Assortment Case,Burgundy,Red,NV,Case,1,51750.0,ex-VAT,1 RC 04 /  1 T 05 & 08 /  1 RSV 05 & 08 /  1 E 05 /  1 & 13 /  2 VR Duvault Blochet 20
Domaine de la Romanée-Conti,,Domaine de la Romanee-Conti Assortment Case,Burgundy,Red,2023,Case,1,40250.0,ex-VAT,1RC/1T/1R/2RSV/1E/1C/1VRDuvault Blochet
Domaine de la Romanée-Conti,,Domaine de la Romanee-Conti Assortment Case,Burgundy,Red,2022,Case,1,16905.0,ex-VAT,2 T 1 COR  1 COR CHAR
Domaine de la Romanée-Conti,,Domaine de la Romanee-Conti Assortment Case,Burgundy,Red,2022,Case,1,50600.0,ex-VAT,1 X RC / 1 X MT / 1X LT/ 1 X RI / 1 X RSV / 1 X GE / 1 X E / 1 X CT
Domaine de la Romanée-Conti,,Domaine de la Romanee-Conti Assortment Case,Burgundy,Red,2021,Case,1,22172.0,ex-VAT,1T/2RSV/1R/1GE/1E
Domaine de la Romanée-Conti,,Domaine de la Romanee-Conti Assortment Case,Burgundy,Red,2021,Case,1,42550.0,ex-VAT,1X RC / 1X LT / 1X RI / 1X RSV / 1 X GE / 2 X E
Domaine de la Romanée-Conti,,Domaine de la Romanee-Conti Assortment Case,Burgundy,Red,2020,Case,1,26450.0,ex-VAT,1CC/1T/1RSV/1E/1Corton/1Duvault Blochet
Domaine de la Romanée-Conti,,Domaine de la Romanee-Conti Assortment Case,Burgundy,Red,2020,Case,1,38525.0,ex-VAT,2X CC / 1X RSV /2X E / 1 X GE / 1X CT / 3 Vosne Romanée Duvault Blochet
Domaine de la Romanée-Conti,,Domaine de la Romanee-Conti Assortment Case,Burgundy,Red,2020,Case,1,70725.0,ex-VAT,1X RC / 2 X LT / 1X RI / 2 X RSV / 1X GE / 2 X E / 1 X MT / 1 X CT / 1 X Corton Charlemagne
Domaine de la Romanée-Conti,,Domaine de la Romanee-Conti Assortment Case,Burgundy,Red,2020,Case,1,120750.0,ex-VAT,1X RC / 3X CC / 2X LT / 1X RI / 2 X RSV / 2X E / 2 X GE / 2X CT / 3 Vosne Romanée Duvault Blochet
Domaine de la Romanée-Conti,,Domaine de la Romanee-Conti Assortment Case,Burgundy,Red,2019,Case,1,23000.0,ex-VAT,3RSV / 3E
Domaine de la Romanée-Conti,,Domaine de la Romanee-Conti Assortment Case,Burgundy,Red,2019,Case,1,23000.0,ex-VAT,3C / 3RSV
Domaine de la Romanée-Conti,,Domaine de la Romanee-Conti Assortment Case,Burgundy,Red,2019,Case,1,37950.0,ex-VAT,1 X MT / 1 X GE/ 2 X E / 4 X Vosne romanée Duvault Blochet / 2 X Corton
Domaine de la Romanée-Conti,,Domaine de la Romanee-Conti Assortment Case,Burgundy,Red,2019,Case,1,54050.0,ex-VAT,1 X RC / 2 X LT / 1 X RI / 2 X RSV / 1 X G E / 1 X E
Domaine de la Romanée-Conti,,Domaine de la Romanee-Conti Assortment Case,Burgundy,Red,2019,Case,1,64400.0,ex-VAT,1RC /  2T /  2RSV /  1R /  1GE /  1E
Domaine de la Romanée-Conti,,Domaine de la Romanee-Conti Assortment Case,Burgundy,Red,2019,Case,1,102925.0,ex-VAT,1RC / 2TA / 1RI / 1RSV / 3GE / 2E / 2CC n° consécutifs et CE FR
Domaine de la Romanée-Conti,,Domaine de la Romanee-Conti Assortment Case,Burgundy,Red,2019,Case,1,126500.0,ex-VAT,1X2016 /1X2017 /1X2018 /1X / 1X2020 /1X2021
Domaine de la Romanée-Conti,,Domaine de la Romanee-Conti Assortment Case,Burgundy,Red,2018,Case,1,27084.8,ex-VAT,2T1Rb1RSV2GE1E
Domaine de la Romanée-Conti,,Domaine de la Romanee-Conti Assortment Case,Burgundy,Red,2018,Case,1,30935.0,ex-VAT,1LT 4PM 1C
Domaine de la Romanée-Conti,,Domaine de la Romanee-Conti Assortment Case,Burgundy,Red,2017,Case,1,25645.0,ex-VAT,1X MT / 1X LT / 1X RI /1X E
Domaine de la Romanée-Conti,,Domaine de la Romanee-Conti Assortment Case,Burgundy,Red,2017,Case,1,82110.0,ex-VAT,1X RC / 1XMT / 3X LT / 2X RI / 3X RSV / 2X E / 2X GE/ 1X CT
Domaine de la Romanée-Conti,,Domaine de la Romanee-Conti Assortment Case,Burgundy,Red,2015,Case,1,84870.0,ex-VAT,1 X RC / 1 X MT / 2 X LT / 2 X RI / 3 X RSV / 2X G E / 2 X E / 1 X CT
Domaine de la Romanée-Conti,,Domaine de la Romanee-Conti Assortment Case,Burgundy,Red,2013,Case,1,41975.0,ex-VAT,1 X RC / 1 X LT / 1X RI / 1 X RSV / 1 X G E / 1 X E
Domaine de la Romanée-Conti,,Domaine de la Romanee-Conti Assortment Case,Burgundy,Red,2012,Case,1,60375.0,ex-VAT,1RC /  3T /  2Ri /  2 RSV /  2GE /  2E
Domaine de la Romanée-Conti,,Domaine de la Romanee-Conti Assortment Case,Burgundy,Red,2012,Case,1,77050.0,ex-VAT,1RC / 3T / 3R / 3RSV / 2GE / 3E
Domaine de la Romanée-Conti,,Domaine de la Romanee-Conti Assortment Case,Burgundy,Red,2011,Case,1,33350.0,ex-VAT,1RC /  3RI /  2C
Domaine de la Romanée-Conti,,Domaine de la Romanee-Conti Assortment Case,Burgundy,Red,2011,Case,1,47725.0,ex-VAT,1R /  3T /  2R /  2RSV / 2GE / 2E
Domaine de la Romanée-Conti,,Domaine de la Romanee-Conti Assortment Case,Burgundy,Red,2011,Case,1,66839.15,ex-VAT,1RC3T2Rb2RSV2GE2E1C
Domaine de la Romanée-Conti,,Domaine de la Romanee-Conti Assortment Case,Burgundy,Red,2010,Case,1,19550.0,ex-VAT,3 X LT
Domaine de la Romanée-Conti,,Domaine de la Romanee-Conti Assortment Case,Burgundy,Red,2010,Case,1,21505.0,ex-VAT,2 X RSV / 2 X GE / 2 X E
Domaine de la Romanée-Conti,,Domaine de la Romanee-Conti Assortment Case,Burgundy,Red,2010,Case,1,33062.5,ex-VAT,1RC / 2TA n° consécutifs et CE BELGE
Domaine de la Romanée-Conti,,Domaine de la Romanee-Conti Assortment Case,Burgundy,Red,2010,Case,1,35650.0,ex-VAT,1X RC / 1X LT / 1X RSV / 1X E
Domaine de la Romanée-Conti,,Domaine de la Romanee-Conti Assortment Case,Burgundy,Red,2010,Case,1,54970.0,ex-VAT,1 X RC / 2 X LT / 1X RI / 2 X G E / 2 X E
Domaine de la Romanée-Conti,,Domaine de la Romanee-Conti Assortment Case,Burgundy,Red,2010,Case,1,75900.0,ex-VAT,1 RC / 3 LT / 2 R / 3 RSV / 2 GE / 3 E
Domaine de la Romanée-Conti,,Domaine de la Romanee-Conti Assortment Case,Burgundy,Red,2009,Case,1,43700.0,ex-VAT,1xRC / 1xMON / 2xTAC / 2xGE
Domaine de la Romanée-Conti,,Domaine de la Romanee-Conti Assortment Case,Burgundy,Red,2009,Case,1,58650.0,ex-VAT,1X RC / 3X LT / 2X RI /2X RSV
Domaine de la Romanée-Conti,,Domaine de la Romanee-Conti Assortment Case,Burgundy,Red,2009,Case,1,72600.65,ex-VAT,1RC3T2Rb2RSV2GE2E1C
Domaine de la Romanée-Conti,,Domaine de la Romanee-Conti Assortment Case,Burgundy,Red,2007,Case,1,20240.0,ex-VAT,2X RI / 2X E / 2X G E
Domaine de la Romanée-Conti,,Domaine de la Romanee-Conti Assortment Case,Burgundy,Red,2006,Case,1,38031.65,ex-VAT,1RC /1T /1Rb / 1RSV / 1GE / 1E
Domaine de la Romanée-Conti,,Domaine de la Romanee-Conti Assortment Case,Burgundy,Red,2005,Case,1,80270.0,ex-VAT,1X RC / 1 X LT / 1 X MT /2 X RI / 2 X RSV /1 X GE / 2X E
Domaine de la Romanée-Conti,,Domaine de la Romanee-Conti Assortment Case,Burgundy,Red,2004,Case,1,24088.82,ex-VAT,2T2Rb1GE1E
Domaine de la Romanée-Conti,,Domaine de la Romanee-Conti Assortment Case,Burgundy,Red,2003,Case,1,91885.0,ex-VAT,1X RC / 1X MT / 3 X LT / 3X RI / 3X RSV / 2 X G E / 2X E
Domaine de la Romanée-Conti,,Domaine de la Romanee-Conti Assortment Case,Burgundy,Red,2002,Case,1,75900.0,ex-VAT,1RC /  3T /  2R /  2RSV /  2GE /  3E
Domaine de la Romanée-Conti,,Domaine de la Romanee-Conti Assortment Case,Burgundy,Red,2000,Case,1,69000.0,ex-VAT,1RC /  3T /  2R /  2RSV /  2GE /  2E
Domaine de la Romanée-Conti,,Domaine de la Romanee-Conti Assortment Case,Burgundy,Red,1999,Case,1,105800.0,ex-VAT,1RC /  3T /  2R /  2RSV /  2GE /  2E
Domaine de la Romanée-Conti,,Domaine de la Romanee-Conti Assortment Case,Burgundy,Red,1995,Case,1,74905.25,ex-VAT,1RC3T2Rb2RSV2GE2E
Domaine de la Romanée-Conti,,Domaine de la Romanee-Conti Corton Grand Cru Prince Florent de Merode,Burgundy,Red,2023,Case,1,2645.0,ex-VAT,
Domaine de la Romanée-Conti,,Domaine de la Romanee-Conti Corton Grand Cru Prince Florent de Merode,Burgundy,Red,2022,Case,1,2185.0,ex-VAT,
Domaine de la Romanée-Conti,,Domaine de la Romanee-Conti Corton Grand Cru Prince Florent de Merode,Burgundy,Red,2022,Case,1,2467.9,ex-VAT,
Domaine de la Romanée-Conti,,Domaine de la Romanee-Conti Corton Grand Cru Prince Florent de Merode,Burgundy,Red,2022,Case,1,2472.5,ex-VAT,
Domaine de la Romanée-Conti,,Domaine de la Romanee-Conti Corton Grand Cru Prince Florent de Merode,Burgundy,Red,2021,Case,1,2875.0,ex-VAT,
Domaine de la Romanée-Conti,,Domaine de la Romanee-Conti Corton Grand Cru Prince Florent de Merode,Burgundy,Red,2020,Case,1,2530.0,ex-VAT,
Domaine de la Romanée-Conti,,Domaine de la Romanee-Conti Corton Grand Cru Prince Florent de Merode,Burgundy,Red,2020,Case,1,2875.0,ex-VAT,
Domaine de la Romanée-Conti,,Domaine de la Romanee-Conti Corton Grand Cru Prince Florent de Merode,Burgundy,Red,2019,Case,1,2667.31,ex-VAT,
Domaine de la Romanée-Conti,,Domaine de la Romanee-Conti Corton Grand Cru Prince Florent de Merode,Burgundy,Red,2019,Case,2,2875.0,ex-VAT,
Domaine de la Romanée-Conti,,Domaine de la Romanee-Conti Corton Grand Cru Prince Florent de Merode,Burgundy,Red,2018,Case,1,2127.5,ex-VAT,
Domaine de la Romanée-Conti,,Domaine de la Romanee-Conti Corton Grand Cru Prince Florent de Merode,Burgundy,Red,2018,Case,3,2303.6800000000003,ex-VAT,
Domaine de la Romanée-Conti,,Domaine de la Romanee-Conti Corton Grand Cru Prince Florent de Merode,Burgundy,Red,2018,Case,1,2760.0,ex-VAT,
Domaine de la Romanée-Conti,,Domaine de la Romanee-Conti Corton Grand Cru Prince Florent de Merode,Burgundy,Red,2018,Case,1,2990.0,ex-VAT,
Domaine de la Romanée-Conti,,Domaine de la Romanee-Conti Corton Grand Cru Prince Florent de Merode,Burgundy,Red,2017,Case,1,2645.0,ex-VAT,
Domaine de la Romanée-Conti,,Domaine de la Romanee-Conti Corton Grand Cru Prince Florent de Merode,Burgundy,Red,2016,Case,1,2702.5,ex-VAT,
Domaine de la Romanée-Conti,,Domaine de la Romanee-Conti Corton Grand Cru Prince Florent de Merode,Burgundy,Red,2016,Case,2,3220.0,ex-VAT,
Domaine de la Romanée-Conti,,Domaine de la Romanee-Conti Corton Grand Cru Prince Florent de Merode,Burgundy,Red,2014,Case,1,2070.0,ex-VAT,
Domaine de la Romanée-Conti,,Domaine de la Romanee-Conti Corton Grand Cru Prince Florent de Merode,Burgundy,Red,2014,Case,1,2139.0,ex-VAT,
Domaine de la Romanée-Conti,,Domaine de la Romanee-Conti Corton Grand Cru Prince Florent de Merode,Burgundy,Red,2013,Case,1,2761.15,ex-VAT,
Domaine de la Romanée-Conti,,Domaine de la Romanee-Conti Corton Grand Cru Prince Florent de Merode,Burgundy,Red,2011,Case,1,2530.0,ex-VAT,
Domaine de la Romanée-Conti,,Domaine de la Romanee-Conti Corton Grand Cru Prince Florent de Merode,Burgundy,Red,2009,Case,1,2759.7470000000003,ex-VAT,Très Légèrement Abimée
Domaine de la Romanée-Conti,,Domaine de la Romanee-Conti Corton Grand Cru Prince Florent de Merode,Burgundy,Red,2009,Case,1,3565.0,ex-VAT,
Domaine de la Romanée-Conti,,Domaine de la Romanee-Conti Corton-Charlemagne Grand Cru,Burgundy,Red,2022,Case,1,4485.0,ex-VAT,
Domaine de la Romanée-Conti,,Domaine de la Romanee-Conti Corton-Charlemagne Grand Cru,Burgundy,Red,2022,Case,1,4567.57,ex-VAT,
Domaine de la Romanée-Conti,,Domaine de la Romanee-Conti Corton-Charlemagne Grand Cru,Burgundy,Red,2021,Case,2,4887.5,ex-VAT,
Domaine de la Romanée-Conti,,Domaine de la Romanee-Conti Corton-Charlemagne Grand Cru,Burgundy,Red,2021,Case,1,6785.0,ex-VAT,
Domaine de la Romanée-Conti,,Domaine de la Romanee-Conti Corton-Charlemagne Grand Cru,Burgundy,Red,2020,Case,6,4931.2,ex-VAT,
Domaine de la Romanée-Conti,,Domaine de la Romanee-Conti Corton-Charlemagne Grand Cru,Burgundy,Red,2020,Case,6,5175.0,ex-VAT,
Domaine de la Romanée-Conti,,Domaine de la Romanee-Conti Corton-Charlemagne Grand Cru,Burgundy,Red,2019,Case,1,5164.6269999999995,ex-VAT,
Domaine de la Romanée-Conti,,Domaine de la Romanee-Conti Echezeaux Grand Cru,Burgundy,Red,2023,Case,2,2760.0,ex-VAT,
Domaine de la Romanée-Conti,,Domaine de la Romanee-Conti Echezeaux Grand Cru,Burgundy,Red,2022,Case,1,2294.25,ex-VAT,
Domaine de la Romanée-Conti,,Domaine de la Romanee-Conti Echezeaux Grand Cru,Burgundy,Red,2022,Case,2,2538.2799999999997,ex-VAT,
Domaine de la Romanée-Conti,,Domaine de la Romanee-Conti Echezeaux Grand Cru,Burgundy,Red,2021,Case,1,2702.5,ex-VAT,
Domaine de la Romanée-Conti,,Domaine de la Romanee-Conti Echezeaux Grand Cru,Burgundy,Red,2021,Case,1,2760.0,ex-VAT,Contre Belge
Domaine de la Romanée-Conti,,Domaine de la Romanee-Conti Echezeaux Grand Cru,Burgundy,Red,2020,Case,2,2990.0,ex-VAT,
Domaine de la Romanée-Conti,,Domaine de la Romanee-Conti Echezeaux Grand Cru,Burgundy,Red,2020,Case,6,3093.5,ex-VAT,Cerclée
Domaine de la Romanée-Conti,,Domaine de la Romanee-Conti Echezeaux Grand Cru,Burgundy,Red,2019,Case,3,2875.0,ex-VAT,
Domaine de la Romanée-Conti,,Domaine de la Romanee-Conti Echezeaux Grand Cru,Burgundy,Red,2019,Case,4,2886.5,ex-VAT,
Domaine de la Romanée-Conti,,Domaine de la Romanee-Conti Echezeaux Grand Cru,Burgundy,Red,2019,Case,3,2937.1,ex-VAT,
Domaine de la Romanée-Conti,,Domaine de la Romanee-Conti Echezeaux Grand Cru,Burgundy,Red,2019,Case,7,2990.0,ex-VAT,
Domaine de la Romanée-Conti,,Domaine de la Romanee-Conti Echezeaux Grand Cru,Burgundy,Red,2018,Case,3,2530.0,ex-VAT,
Domaine de la Romanée-Conti,,Domaine de la Romanee-Conti Echezeaux Grand Cru,Burgundy,Red,2018,Case,1,2760.0,ex-VAT,
Domaine de la Romanée-Conti,,Domaine de la Romanee-Conti Echezeaux Grand Cru,Burgundy,Red,2018,Case,4,2828.885,ex-VAT,
Domaine de la Romanée-Conti,,Domaine de la Romanee-Conti Echezeaux Grand Cru,Burgundy,Red,2018,Case,6,2854.99,ex-VAT,
Domaine de la Romanée-Conti,,Domaine de la Romanee-Conti Echezeaux Grand Cru,Burgundy,Red,2017,Case,3,2761.15,ex-VAT,
Domaine de la Romanée-Conti,,Domaine de la Romanee-Conti Echezeaux Grand Cru,Burgundy,Red,2017,Case,9,2875.0,ex-VAT,
Domaine de la Romanée-Conti,,Domaine de la Romanee-Conti Echezeaux Grand Cru,Burgundy,Red,2017,Case,1,2978.6839999999997,ex-VAT,
Domaine de la Romanée-Conti,,Domaine de la Romanee-Conti Echezeaux Grand Cru,Burgundy,Red,2016,Case,1,7475.0,ex-VAT,
Domaine de la Romanée-Conti,,Domaine de la Romanee-Conti Echezeaux Grand Cru,Burgundy,Red,2016,Case,1,8450.2,ex-VAT,
Domaine de la Romanée-Conti,,Domaine de la Romanee-Conti Echezeaux Grand Cru,Burgundy,Red,2015,Case,1,2760.0,ex-VAT,
Domaine de la Romanée-Conti,,Domaine de la Romanee-Conti Echezeaux Grand Cru,Burgundy,Red,2015,Case,1,2819.8,ex-VAT,
Domaine de la Romanée-Conti,,Domaine de la Romanee-Conti Echezeaux Grand Cru,Burgundy,Red,2015,Case,1,2886.5,ex-VAT,
Domaine de la Romanée-Conti,,Domaine de la Romanee-Conti Echezeaux Grand Cru,Burgundy,Red,2015,Case,2,3450.0,ex-VAT,
Domaine de la Romanée-Conti,,Domaine de la Romanee-Conti Echezeaux Grand Cru,Burgundy,Red,2014,Case,1,2622.0,ex-VAT,
Domaine de la Romanée-Conti,,Domaine de la Romanee-Conti Echezeaux Grand Cru,Burgundy,Red,2014,Case,1,2645.0,ex-VAT,
Domaine de la Romanée-Conti,,Domaine de la Romanee-Conti Echezeaux Grand Cru,Burgundy,Red,2014,Case,1,2645.0,ex-VAT,
Domaine de la Romanée-Conti,,Domaine de la Romanee-Conti Echezeaux Grand Cru,Burgundy,Red,2014,Case,1,2702.5,ex-VAT,
Domaine de la Romanée-Conti,,Domaine de la Romanee-Conti Echezeaux Grand Cru,Burgundy,Red,2013,Case,1,2760.0,ex-VAT,
Domaine de la Romanée-Conti,,Domaine de la Romanee-Conti Echezeaux Grand Cru,Burgundy,Red,2013,Case,3,3057.85,ex-VAT,Mise à dispo fin juin
Domaine de la Romanée-Conti,,Domaine de la Romanee-Conti Echezeaux Grand Cru,Burgundy,Red,2013,Case,1,3220.0,ex-VAT,
Domaine de la Romanée-Conti,,Domaine de la Romanee-Conti Echezeaux Grand Cru,Burgundy,Red,2012,Case,1,2587.5,ex-VAT,
Domaine de la Romanée-Conti,,Domaine de la Romanee-Conti Echezeaux Grand Cru,Burgundy,Red,2012,Case,3,3059.3450000000003,ex-VAT,
Domaine de la Romanée-Conti,,Domaine de la Romanee-Conti Echezeaux Grand Cru,Burgundy,Red,2011,Case,4,2875.0,ex-VAT,
Domaine de la Romanée-Conti,,Domaine de la Romanee-Conti Echezeaux Grand Cru,Burgundy,Red,2011,Case,2,2886.5,ex-VAT,
Domaine de la Romanée-Conti,,Domaine de la Romanee-Conti Echezeaux Grand Cru,Burgundy,Red,2010,Case,1,2990.0,ex-VAT,
Domaine de la Romanée-Conti,,Domaine de la Romanee-Conti Echezeaux Grand Cru,Burgundy,Red,2010,Case,2,3047.5,ex-VAT,
Domaine de la Romanée-Conti,,Domaine de la Romanee-Conti Echezeaux Grand Cru,Burgundy,Red,2009,Case,3,2913.64,ex-VAT,PARFAIT
Domaine de la Romanée-Conti,,Domaine de la Romanee-Conti Echezeaux Grand Cru,Burgundy,Red,2009,Case,6,3101.55,ex-VAT,Mise à dispo fin juin
Domaine de la Romanée-Conti,,Domaine de la Romanee-Conti Echezeaux Grand Cru,Burgundy,Red,2009,Case,2,3116.96,ex-VAT,
Domaine de la Romanée-Conti,,Domaine de la Romanee-Conti Echezeaux Grand Cru,Burgundy,Red,2009,Case,4,3220.0,ex-VAT,
Domaine de la Romanée-Conti,,Domaine de la Romanee-Conti Echezeaux Grand Cru,Burgundy,Red,2008,Case,2,2530.0,ex-VAT,
Domaine de la Romanée-Conti,,Domaine de la Romanee-Conti Echezeaux Grand Cru,Burgundy,Red,2008,Case,1,2622.0,ex-VAT,
Domaine de la Romanée-Conti,,Domaine de la Romanee-Conti Echezeaux Grand Cru,Burgundy,Red,2007,Case,1,2622.0,ex-VAT,
Domaine de la Romanée-Conti,,Domaine de la Romanee-Conti Echezeaux Grand Cru,Burgundy,Red,2007,Case,1,2702.5,ex-VAT,
Domaine de la Romanée-Conti,,Domaine de la Romanee-Conti Echezeaux Grand Cru,Burgundy,Red,2007,Case,1,2760.0,ex-VAT,
Domaine de la Romanée-Conti,,Domaine de la Romanee-Conti Echezeaux Grand Cru,Burgundy,Red,2007,Case,2,2760.0,ex-VAT,num consécutifs
Domaine de la Romanée-Conti,,Domaine de la Romanee-Conti Echezeaux Grand Cru,Burgundy,Red,2006,Case,1,2645.0,ex-VAT,
Domaine de la Romanée-Conti,,Domaine de la Romanee-Conti Echezeaux Grand Cru,Burgundy,Red,2006,Case,1,2702.5,ex-VAT,
Domaine de la Romanée-Conti,,Domaine de la Romanee-Conti Echezeaux Grand Cru,Burgundy,Red,2006,Case,3,2875.0,ex-VAT,
Domaine de la Romanée-Conti,,Domaine de la Romanee-Conti Echezeaux Grand Cru,Burgundy,Red,2005,Case,1,2875.0,ex-VAT,
Domaine de la Romanée-Conti,,Domaine de la Romanee-Conti Echezeaux Grand Cru,Burgundy,Red,2005,Case,1,3230.35,ex-VAT,PARFAIT
Domaine de la Romanée-Conti,,Domaine de la Romanee-Conti Echezeaux Grand Cru,Burgundy,Red,2005,Case,5,3565.0,ex-VAT,
Domaine de la Romanée-Conti,,Domaine de la Romanee-Conti Echezeaux Grand Cru,Burgundy,Red,2004,Case,6,3116.96,ex-VAT,
Domaine de la Romanée-Conti,,Domaine de la Romanee-Conti Echezeaux Grand Cru,Burgundy,Red,2003,Case,1,2760.0,ex-VAT,
Domaine de la Romanée-Conti,,Domaine de la Romanee-Conti Echezeaux Grand Cru,Burgundy,Red,2003,Case,1,2760.0,ex-VAT,
Domaine de la Romanée-Conti,,Domaine de la Romanee-Conti Echezeaux Grand Cru,Burgundy,Red,2003,Case,1,2932.5,ex-VAT,
Domaine de la Romanée-Conti,,Domaine de la Romanee-Conti Echezeaux Grand Cru,Burgundy,Red,2003,Case,1,2935.927,ex-VAT,PARFAIT
Domaine de la Romanée-Conti,,Domaine de la Romanee-Conti Echezeaux Grand Cru,Burgundy,Red,2002,Case,1,2788.75,ex-VAT,
Domaine de la Romanée-Conti,,Domaine de la Romanee-Conti Echezeaux Grand Cru,Burgundy,Red,2002,Case,1,2875.0,ex-VAT,
Domaine de la Romanée-Conti,,Domaine de la Romanee-Conti Echezeaux Grand Cru,Burgundy,Red,2002,Case,2,3174.575,ex-VAT,Légèrement Abimée
Domaine de la Romanée-Conti,,Domaine de la Romanee-Conti Echezeaux Grand Cru,Burgundy,Red,2002,Case,2,3852.5,ex-VAT,
Domaine de la Romanée-Conti,,Domaine de la Romanee-Conti Echezeaux Grand Cru,Burgundy,Red,2000,Case,2,3174.575,ex-VAT,
Domaine de la Romanée-Conti,,Domaine de la Romanee-Conti Echezeaux Grand Cru,Burgundy,Red,1999,Case,1,3347.42,ex-VAT,Très Légèrement Abimée
Domaine de la Romanée-Conti,,Domaine de la Romanee-Conti Echezeaux Grand Cru,Burgundy,Red,1997,Case,1,2944.115,ex-VAT,
Domaine de la Romanée-Conti,,Domaine de la Romanee-Conti Echezeaux Grand Cru,Burgundy,Red,1996,Case,1,3232.19,ex-VAT,
Domaine de la Romanée-Conti,,Domaine de la Romanee-Conti Echezeaux Grand Cru,Burgundy,Red,1995,Case,3,2587.5,ex-VAT,CE suisse
Domaine de la Romanée-Conti,,Domaine de la Romanee-Conti Echezeaux Grand Cru,Burgundy,Red,1990,Case,1,3923.57,ex-VAT,
Domaine de la Romanée-Conti,,Domaine de la Romanee-Conti Echezeaux Grand Cru,Burgundy,Red,1989,Case,1,2587.5,ex-VAT,
Domaine de la Romanée-Conti,,Domaine de la Romanee-Conti Echezeaux Grand Cru,Burgundy,Red,1989,Case,1,2713.6549999999997,ex-VAT,
Domaine de la Romanée-Conti,,Domaine de la Romanee-Conti Echezeaux Grand Cru,Burgundy,Red,1989,Case,1,3105.0,ex-VAT,
Domaine de la Romanée-Conti,,Domaine de la Romanee-Conti Echezeaux Grand Cru,Burgundy,Red,1989,Case,1,15525.0,ex-VAT,
Domaine de la Romanée-Conti,,Domaine de la Romanee-Conti Echezeaux Grand Cru,Burgundy,Red,1986,Case,1,1725.0,ex-VAT,
Domaine de la Romanée-Conti,,Domaine de la Romanee-Conti Grands Echezeaux Grand Cru,Burgundy,Red,2022,Case,3,2415.0,ex-VAT,
Domaine de la Romanée-Conti,,Domaine de la Romanee-Conti Grands Echezeaux Grand Cru,Burgundy,Red,2022,Case,1,2632.1200000000003,ex-VAT,PARFAIT
Domaine de la Romanée-Conti,,Domaine de la Romanee-Conti Grands Echezeaux Grand Cru,Burgundy,Red,2022,Case,1,2760.0,ex-VAT,
Domaine de la Romanée-Conti,,Domaine de la Romanee-Conti Grands Echezeaux Grand Cru,Burgundy,Red,2021,Case,1,2645.0,ex-VAT,
Domaine de la Romanée-Conti,,Domaine de la Romanee-Conti Grands Echezeaux Grand Cru,Burgundy,Red,2021,Case,1,2645.0,ex-VAT,
Domaine de la Romanée-Conti,,Domaine de la Romanee-Conti Grands Echezeaux Grand Cru,Burgundy,Red,2021,Case,4,2828.885,ex-VAT,
Domaine de la Romanée-Conti,,Domaine de la Romanee-Conti Grands Echezeaux Grand Cru,Burgundy,Red,2020,Case,1,2754.25,ex-VAT,
Domaine de la Romanée-Conti,,Domaine de la Romanee-Conti Grands Echezeaux Grand Cru,Burgundy,Red,2020,Case,2,2817.5,ex-VAT,
Domaine de la Romanée-Conti,,Domaine de la Romanee-Conti Grands Echezeaux Grand Cru,Burgundy,Red,2020,Case,5,2875.0,ex-VAT,
Domaine de la Romanée-Conti,,Domaine de la Romanee-Conti Grands Echezeaux Grand Cru,Burgundy,Red,2018,Case,2,2817.5,ex-VAT,
Domaine de la Romanée-Conti,,Domaine de la Romanee-Conti Grands Echezeaux Grand Cru,Burgundy,Red,2018,Case,1,2875.0,ex-VAT,
Domaine de la Romanée-Conti,,Domaine de la Romanee-Conti Grands Echezeaux Grand Cru,Burgundy,Red,2018,Case,2,2878.45,ex-VAT,PARFAIT
Domaine de la Romanée-Conti,,Domaine de la Romanee-Conti Grands Echezeaux Grand Cru,Burgundy,Red,2017,Case,1,2944.115,ex-VAT,
Domaine de la Romanée-Conti,,Domaine de la Romanee-Conti Grands Echezeaux Grand Cru,Burgundy,Red,2017,Case,2,2995.75,ex-VAT,PARFAIT
Domaine de la Romanée-Conti,,Domaine de la Romanee-Conti Grands Echezeaux Grand Cru,Burgundy,Red,2017,Case,3,3103.85,ex-VAT,Mise à dispo fin juin
Domaine de la Romanée-Conti,,Domaine de la Romanee-Conti Grands Echezeaux Grand Cru,Burgundy,Red,2017,Case,5,3220.0,ex-VAT,
Domaine de la Romanée-Conti,,Domaine de la Romanee-Conti Grands Echezeaux Grand Cru,Burgundy,Red,2015,Case,1,2990.0,ex-VAT,
Domaine de la Romanée-Conti,,Domaine de la Romanee-Conti Grands Echezeaux Grand Cru,Burgundy,Red,2015,Case,3,3478.75,ex-VAT,Mise à dispo fin juin
Domaine de la Romanée-Conti,,Domaine de la Romanee-Conti Grands Echezeaux Grand Cru,Burgundy,Red,2014,Case,2,3335.0,ex-VAT,
Domaine de la Romanée-Conti,,Domaine de la Romanee-Conti Grands Echezeaux Grand Cru,Burgundy,Red,2014,Case,1,9746.25,ex-VAT,Martel back label
Domaine de la Romanée-Conti,,Domaine de la Romanee-Conti Grands Echezeaux Grand Cru,Burgundy,Red,2013,Case,2,3335.0,ex-VAT,
Domaine de la Romanée-Conti,,Domaine de la Romanee-Conti Grands Echezeaux Grand Cru,Burgundy,Red,2012,Case,1,2702.5,ex-VAT,
Domaine de la Romanée-Conti,,Domaine de la Romanee-Conti Grands Echezeaux Grand Cru,Burgundy,Red,2012,Case,6,3159.05,ex-VAT,Mise à dispo fin juin
Domaine de la Romanée-Conti,,Domaine de la Romanee-Conti Grands Echezeaux Grand Cru,Burgundy,Red,2012,Case,2,4025.0,ex-VAT,
Domaine de la Romanée-Conti,,Domaine de la Romanee-Conti Grands Echezeaux Grand Cru,Burgundy,Red,2011,Case,1,3059.3450000000003,ex-VAT,
Domaine de la Romanée-Conti,,Domaine de la Romanee-Conti Grands Echezeaux Grand Cru,Burgundy,Red,2011,Case,6,3101.55,ex-VAT,Mise à dispo fin juin
Domaine de la Romanée-Conti,,Domaine de la Romanee-Conti Grands Echezeaux Grand Cru,Burgundy,Red,2011,Case,3,3105.0,ex-VAT,
Domaine de la Romanée-Conti,,Domaine de la Romanee-Conti Grands Echezeaux Grand Cru,Burgundy,Red,2010,Case,4,3565.0,ex-VAT,
Domaine de la Romanée-Conti,,Domaine de la Romanee-Conti Grands Echezeaux Grand Cru,Burgundy,Red,2010,Case,1,3680.0,ex-VAT,
Domaine de la Romanée-Conti,,Domaine de la Romanee-Conti Grands Echezeaux Grand Cru,Burgundy,Red,2010,Case,6,4226.0545,ex-VAT,
Domaine de la Romanée-Conti,,Domaine de la Romanee-Conti Grands Echezeaux Grand Cru,Burgundy,Red,2009,Case,1,2932.5,ex-VAT,
Domaine de la Romanée-Conti,,Domaine de la Romanee-Conti Grands Echezeaux Grand Cru,Burgundy,Red,2009,Case,1,3347.42,ex-VAT,Très Légèrement Abimée
Domaine de la Romanée-Conti,,Domaine de la Romanee-Conti Grands Echezeaux Grand Cru,Burgundy,Red,2009,Case,2,3795.0,ex-VAT,
Domaine de la Romanée-Conti,,Domaine de la Romanee-Conti Grands Echezeaux Grand Cru,Burgundy,Red,2008,Case,1,2875.0,ex-VAT,
Domaine de la Romanée-Conti,,Domaine de la Romanee-Conti Grands Echezeaux Grand Cru,Burgundy,Red,2008,Case,1,2990.0,ex-VAT,
Domaine de la Romanée-Conti,,Domaine de la Romanee-Conti Grands Echezeaux Grand Cru,Burgundy,Red,2007,Case,1,2760.0,ex-VAT,
Domaine de la Romanée-Conti,,Domaine de la Romanee-Conti Grands Echezeaux Grand Cru,Burgundy,Red,2007,Case,1,3220.0,ex-VAT,
Domaine de la Romanée-Conti,,Domaine de la Romanee-Conti Grands Echezeaux Grand Cru,Burgundy,Red,2007,Case,4,3335.0,ex-VAT,
Domaine de la Romanée-Conti,,Domaine de la Romanee-Conti Grands Echezeaux Grand Cru,Burgundy,Red,2006,Case,1,3209.144,ex-VAT,Très Légèrement Abimée
Domaine de la Romanée-Conti,,Domaine de la Romanee-Conti Grands Echezeaux Grand Cru,Burgundy,Red,2006,Case,2,4485.0,ex-VAT,
Domaine de la Romanée-Conti,,Domaine de la Romanee-Conti Grands Echezeaux Grand Cru,Burgundy,Red,2005,Case,1,3335.0,ex-VAT,
Domaine de la Romanée-Conti,,Domaine de la Romanee-Conti Grands Echezeaux Grand Cru,Burgundy,Red,2005,Case,1,3450.0,ex-VAT,
Domaine de la Romanée-Conti,,Domaine de la Romanee-Conti Grands Echezeaux Grand Cru,Burgundy,Red,2005,Case,1,3522.427,ex-VAT,PARFAIT
Domaine de la Romanée-Conti,,Domaine de la Romanee-Conti Grands Echezeaux Grand Cru,Burgundy,Red,2005,Case,1,3737.5,ex-VAT,
Domaine de la Romanée-Conti,,Domaine de la Romanee-Conti Grands Echezeaux Grand Cru,Burgundy,Red,2004,Case,1,2760.0,ex-VAT,
Domaine de la Romanée-Conti,,Domaine de la Romanee-Conti Grands Echezeaux Grand Cru,Burgundy,Red,2004,Case,3,3116.96,ex-VAT,
Domaine de la Romanée-Conti,,Domaine de la Romanee-Conti Grands Echezeaux Grand Cru,Burgundy,Red,2004,Case,1,9085.0,ex-VAT,
Domaine de la Romanée-Conti,,Domaine de la Romanee-Conti Grands Echezeaux Grand Cru,Burgundy,Red,2003,Case,1,9775.0,ex-VAT,
Domaine de la Romanée-Conti,,Domaine de la Romanee-Conti Grands Echezeaux Grand Cru,Burgundy,Red,2002,Case,1,3191.25,ex-VAT,
Domaine de la Romanée-Conti,,Domaine de la Romanee-Conti Grands Echezeaux Grand Cru,Burgundy,Red,2002,Case,6,3220.0,ex-VAT,Belgium Label
Domaine de la Romanée-Conti,,Domaine de la Romanee-Conti Grands Echezeaux Grand Cru,Burgundy,Red,2002,Case,6,3795.0,ex-VAT,
Domaine de la Romanée-Conti,,Domaine de la Romanee-Conti Grands Echezeaux Grand Cru,Burgundy,Red,2002,Case,1,22770.0,ex-VAT,
Domaine de la Romanée-Conti,,Domaine de la Romanee-Conti Grands Echezeaux Grand Cru,Burgundy,Red,2001,Case,1,3162.5,ex-VAT,
Domaine de la Romanée-Conti,,Domaine de la Romanee-Conti Grands Echezeaux Grand Cru,Burgundy,Red,2001,Case,1,3335.0,ex-VAT,
Domaine de la Romanée-Conti,,Domaine de la Romanee-Conti Grands Echezeaux Grand Cru,Burgundy,Red,2001,Case,1,3693.11,ex-VAT,
Domaine de la Romanée-Conti,,Domaine de la Romanee-Conti Grands Echezeaux Grand Cru,Burgundy,Red,2000,Case,1,3162.5,ex-VAT,
Domaine de la Romanée-Conti,,Domaine de la Romanee-Conti Grands Echezeaux Grand Cru,Burgundy,Red,1999,Case,1,3910.0,ex-VAT,
Domaine de la Romanée-Conti,,Domaine de la Romanee-Conti Grands Echezeaux Grand Cru,Burgundy,Red,1998,Case,6,4117.0,ex-VAT,Mise à dispo fin juin
Domaine de la Romanée-Conti,,Domaine de la Romanee-Conti Grands Echezeaux Grand Cru,Burgundy,Red,1998,Case,1,17250.0,ex-VAT,
Domaine de la Romanée-Conti,,Domaine de la Romanee-Conti Grands Echezeaux Grand Cru,Burgundy,Red,1992,Case,6,2645.0,ex-VAT,
Domaine de la Romanée-Conti,,Domaine de la Romanee-Conti Grands Echezeaux Grand Cru,Burgundy,Red,1989,Case,1,3001.7299999999996,ex-VAT,Légèrement Abimée
Domaine de la Romanée-Conti,,Domaine de la Romanee-Conti Grands Echezeaux Grand Cru,Burgundy,Red,1989,Case,1,3220.0,ex-VAT,
Domaine de la Romanée-Conti,,Domaine de la Romanee-Conti Grands Echezeaux Grand Cru,Burgundy,Red,1989,Case,1,3335.0,ex-VAT,
Domaine de la Romanée-Conti,,Domaine de la Romanee-Conti Grands Echezeaux Grand Cru,Burgundy,Red,1989,Case,1,14375.0,ex-VAT,OWC1 CA
Domaine de la Romanée-Conti,,Domaine de la Romanee-Conti La Tache Grand Cru,Burgundy,Red,2023,Case,1,5520.0,ex-VAT,
Domaine de la Romanée-Conti,,Domaine de la Romanee-Conti La Tache Grand Cru,Burgundy,Red,2022,Case,1,5165.8,ex-VAT,PARFAIT
Domaine de la Romanée-Conti,,Domaine de la Romanee-Conti La Tache Grand Cru,Burgundy,Red,2022,Case,1,5175.0,ex-VAT,
Domaine de la Romanée-Conti,,Domaine de la Romanee-Conti La Tache Grand Cru,Burgundy,Red,2021,Case,2,5635.0,ex-VAT,
Domaine de la Romanée-Conti,,Domaine de la Romanee-Conti La Tache Grand Cru,Burgundy,Red,2020,Case,1,5635.0,ex-VAT,
Domaine de la Romanée-Conti,,Domaine de la Romanee-Conti La Tache Grand Cru,Burgundy,Red,2019,Case,3,6210.0,ex-VAT,
Domaine de la Romanée-Conti,,Domaine de la Romanee-Conti La Tache Grand Cru,Burgundy,Red,2019,Case,2,6221.5,ex-VAT,PARFAIT
Domaine de la Romanée-Conti,,Domaine de la Romanee-Conti La Tache Grand Cru,Burgundy,Red,2018,Case,3,5692.5,ex-VAT,
Domaine de la Romanée-Conti,,Domaine de la Romanee-Conti La Tache Grand Cru,Burgundy,Red,2017,Case,1,5341.75,ex-VAT,PARFAIT
Domaine de la Romanée-Conti,,Domaine de la Romanee-Conti La Tache Grand Cru,Burgundy,Red,2016,Case,1,5271.37,ex-VAT,PARFAIT
Domaine de la Romanée-Conti,,Domaine de la Romanee-Conti La Tache Grand Cru,Burgundy,Red,2016,Case,3,6802.25,ex-VAT,Mise à dispo fin juin
Domaine de la Romanée-Conti,,Domaine de la Romanee-Conti La Tache Grand Cru,Burgundy,Red,2015,Case,1,5869.6,ex-VAT,PARFAIT
Domaine de la Romanée-Conti,,Domaine de la Romanee-Conti La Tache Grand Cru,Burgundy,Red,2015,Case,1,5882.48,ex-VAT,Légèrement Abimée
Domaine de la Romanée-Conti,,Domaine de la Romanee-Conti La Tache Grand Cru,Burgundy,Red,2015,Case,1,18400.0,ex-VAT,
Domaine de la Romanée-Conti,,Domaine de la Romanee-Conti La Tache Grand Cru,Burgundy,Red,2014,Case,2,4830.0,ex-VAT,Étiquette abimée
Domaine de la Romanée-Conti,,Domaine de la Romanee-Conti La Tache Grand Cru,Burgundy,Red,2014,Case,1,5142.34,ex-VAT,PARFAIT
Domaine de la Romanée-Conti,,Domaine de la Romanee-Conti La Tache Grand Cru,Burgundy,Red,2013,Case,4,5635.0,ex-VAT,
Domaine de la Romanée-Conti,,Domaine de la Romanee-Conti La Tache Grand Cru,Burgundy,Red,2011,Case,1,5405.0,ex-VAT,
Domaine de la Romanée-Conti,,Domaine de la Romanee-Conti La Tache Grand Cru,Burgundy,Red,2011,Case,1,5980.0,ex-VAT,
Domaine de la Romanée-Conti,,Domaine de la Romanee-Conti La Tache Grand Cru,Burgundy,Red,2011,Case,1,13225.0,ex-VAT,
Domaine de la Romanée-Conti,,Domaine de la Romanee-Conti La Tache Grand Cru,Burgundy,Red,2010,Case,4,5980.0,ex-VAT,
Domaine de la Romanée-Conti,,Domaine de la Romanee-Conti La Tache Grand Cru,Burgundy,Red,2010,Case,1,6112.9400000000005,ex-VAT,Légèrement Abimée
Domaine de la Romanée-Conti,,Domaine de la Romanee-Conti La Tache Grand Cru,Burgundy,Red,2010,Case,5,6555.0,ex-VAT,
Domaine de la Romanée-Conti,,Domaine de la Romanee-Conti La Tache Grand Cru,Burgundy,Red,2009,Case,1,5405.0,ex-VAT,
Domaine de la Romanée-Conti,,Domaine de la Romanee-Conti La Tache Grand Cru,Burgundy,Red,2009,Case,1,5576.35,ex-VAT,PARFAIT
Domaine de la Romanée-Conti,,Domaine de la Romanee-Conti La Tache Grand Cru,Burgundy,Red,2009,Case,1,5692.5,ex-VAT,
Domaine de la Romanée-Conti,,Domaine de la Romanee-Conti La Tache Grand Cru,Burgundy,Red,2008,Case,1,4945.0,ex-VAT,
Domaine de la Romanée-Conti,,Domaine de la Romanee-Conti La Tache Grand Cru,Burgundy,Red,2008,Case,1,5117.5,ex-VAT,
Domaine de la Romanée-Conti,,Domaine de la Romanee-Conti La Tache Grand Cru,Burgundy,Red,2007,Case,2,5224.45,ex-VAT,PARFAIT
Domaine de la Romanée-Conti,,Domaine de la Romanee-Conti La Tache Grand Cru,Burgundy,Red,2007,Case,1,5536.790000000001,ex-VAT,
Domaine de la Romanée-Conti,,Domaine de la Romanee-Conti La Tache Grand Cru,Burgundy,Red,2006,Case,1,4887.5,ex-VAT,
Domaine de la Romanée-Conti,,Domaine de la Romanee-Conti La Tache Grand Cru,Burgundy,Red,2006,Case,6,5002.5,ex-VAT,
Domaine de la Romanée-Conti,,Domaine de la Romanee-Conti La Tache Grand Cru,Burgundy,Red,2006,Case,3,5865.0,ex-VAT,
Domaine de la Romanée-Conti,,Domaine de la Romanee-Conti La Tache Grand Cru,Burgundy,Red,2005,Case,1,6152.5,ex-VAT,
Domaine de la Romanée-Conti,,Domaine de la Romanee-Conti La Tache Grand Cru,Burgundy,Red,2005,Case,1,6325.0,ex-VAT,
Domaine de la Romanée-Conti,,Domaine de la Romanee-Conti La Tache Grand Cru,Burgundy,Red,2004,Case,1,14720.0,ex-VAT,
Domaine de la Romanée-Conti,,Domaine de la Romanee-Conti La Tache Grand Cru,Burgundy,Red,2003,Case,1,4542.5,ex-VAT,FR / etiq abimée
Domaine de la Romanée-Conti,,Domaine de la Romanee-Conti La Tache Grand Cru,Burgundy,Red,2003,Case,1,4945.0,ex-VAT,
Domaine de la Romanée-Conti,,Domaine de la Romanee-Conti La Tache Grand Cru,Burgundy,Red,2003,Case,2,6325.0,ex-VAT,
Domaine de la Romanée-Conti,,Domaine de la Romanee-Conti La Tache Grand Cru,Burgundy,Red,2002,Case,1,138281.75,ex-VAT,
Domaine de la Romanée-Conti,,Domaine de la Romanee-Conti La Tache Grand Cru,Burgundy,Red,2000,Case,1,4312.5,ex-VAT,FR / etiq & contre abimées
Domaine de la Romanée-Conti,,Domaine de la Romanee-Conti La Tache Grand Cru,Burgundy,Red,2000,Case,1,6785.0,ex-VAT,
Domaine de la Romanée-Conti,,Domaine de la Romanee-Conti La Tache Grand Cru,Burgundy,Red,1999,Case,1,7187.5,ex-VAT,
Domaine de la Romanée-Conti,,Domaine de la Romanee-Conti La Tache Grand Cru,Burgundy,Red,1999,Case,1,7475.0,ex-VAT,
Domaine de la Romanée-Conti,,Domaine de la Romanee-Conti La Tache Grand Cru,Burgundy,Red,1998,Case,1,5175.0,ex-VAT,
Domaine de la Romanée-Conti,,Domaine de la Romanee-Conti La Tache Grand Cru,Burgundy,Red,1997,Case,1,4614.95,ex-VAT,Légèrement Abimée
Domaine de la Romanée-Conti,,Domaine de la Romanee-Conti La Tache Grand Cru,Burgundy,Red,1996,Case,1,4772.5,ex-VAT,
Domaine de la Romanée-Conti,,Domaine de la Romanee-Conti La Tache Grand Cru,Burgundy,Red,1996,Case,2,4945.0,ex-VAT,
Domaine de la Romanée-Conti,,Domaine de la Romanee-Conti La Tache Grand Cru,Burgundy,Red,1996,Case,1,5405.0,ex-VAT,
Domaine de la Romanée-Conti,,Domaine de la Romanee-Conti La Tache Grand Cru,Burgundy,Red,1995,Case,2,14409.5,ex-VAT,
Domaine de la Romanée-Conti,,Domaine de la Romanee-Conti La Tache Grand Cru,Burgundy,Red,1995,Case,1,74905.25,ex-VAT,
Domaine de la Romanée-Conti,,Domaine de la Romanee-Conti La Tache Grand Cru,Burgundy,Red,1991,Case,1,6083.5,ex-VAT,
Domaine de la Romanée-Conti,,Domaine de la Romanee-Conti La Tache Grand Cru,Burgundy,Red,1990,Case,1,6900.0,ex-VAT,
Domaine de la Romanée-Conti,,Domaine de la Romanee-Conti La Tache Grand Cru,Burgundy,Red,1990,Case,1,7015.0,ex-VAT,
Domaine de la Romanée-Conti,,Domaine de la Romanee-Conti La Tache Grand Cru,Burgundy,Red,1990,Case,2,8050.0,ex-VAT,
Domaine de la Romanée-Conti,,Domaine de la Romanee-Conti La Tache Grand Cru,Burgundy,Red,1990,Case,1,8071.85,ex-VAT,
Domaine de la Romanée-Conti,,Domaine de la Romanee-Conti La Tache Grand Cru,Burgundy,Red,1988,Case,1,4082.5,ex-VAT,
Domaine de la Romanée-Conti,,Domaine de la Romanee-Conti Marc de Bourgogne,Burgundy,Red,2002,Case,1,2242.5,ex-VAT,
Domaine de la Romanée-Conti,,Domaine de la Romanee-Conti Marc de Bourgogne,Burgundy,Red,2002,Case,1,2300.0,ex-VAT,
Domaine de la Romanée-Conti,,Domaine de la Romanee-Conti Marc de Bourgogne,Burgundy,Red,2000,Case,2,2760.0,ex-VAT,
Domaine de la Romanée-Conti,,Domaine de la Romanee-Conti Marc de Bourgogne,Burgundy,Red,1994,Case,1,2300.0,ex-VAT,
Domaine de la Romanée-Conti,,Domaine de la Romanee-Conti Marc de Bourgogne,Burgundy,Red,1994,Case,1,3105.0,ex-VAT,
Domaine de la Romanée-Conti,,Domaine de la Romanee-Conti Marc de Bourgogne,Burgundy,Red,1993,Case,1,3105.0,ex-VAT,
Domaine de la Romanée-Conti,,Domaine de la Romanee-Conti Marc de Bourgogne,Burgundy,Red,1988,Case,1,3220.0,ex-VAT,
Domaine de la Romanée-Conti,,Domaine de la Romanee-Conti Montrachet Grand Cru,Burgundy,Red,2023,Case,1,9775.0,ex-VAT,
Domaine de la Romanée-Conti,,Domaine de la Romanee-Conti Montrachet Grand Cru,Burgundy,Red,2022,Case,1,8050.0,ex-VAT,
Domaine de la Romanée-Conti,,Domaine de la Romanee-Conti Montrachet Grand Cru,Burgundy,Red,2022,Case,1,10235.0,ex-VAT,
Domaine de la Romanée-Conti,,Domaine de la Romanee-Conti Montrachet Grand Cru,Burgundy,Red,2021,Case,1,8912.5,ex-VAT,
Domaine de la Romanée-Conti,,Domaine de la Romanee-Conti Montrachet Grand Cru,Burgundy,Red,2021,Case,1,10376.45,ex-VAT,
Domaine de la Romanée-Conti,,Domaine de la Romanee-Conti Montrachet Grand Cru,Burgundy,Red,2020,Case,1,9775.0,ex-VAT,
Domaine de la Romanée-Conti,,Domaine de la Romanee-Conti Montrachet Grand Cru,Burgundy,Red,2020,Case,1,9800.3,ex-VAT,
Domaine de la Romanée-Conti,,Domaine de la Romanee-Conti Montrachet Grand Cru,Burgundy,Red,2020,Case,1,9916.45,ex-VAT,PARFAIT
Domaine de la Romanée-Conti,,Domaine de la Romanee-Conti Montrachet Grand Cru,Burgundy,Red,2019,Case,1,9200.0,ex-VAT,
Domaine de la Romanée-Conti,,Domaine de la Romanee-Conti Montrachet Grand Cru,Burgundy,Red,2019,Case,1,11324.05,ex-VAT,PARFAIT
Domaine de la Romanée-Conti,,Domaine de la Romanee-Conti Montrachet Grand Cru,Burgundy,Red,2019,Case,1,11385.0,ex-VAT,
Domaine de la Romanée-Conti,,Domaine de la Romanee-Conti Montrachet Grand Cru,Burgundy,Red,2018,Case,1,8684.8,ex-VAT,PARFAIT
Domaine de la Romanée-Conti,,Domaine de la Romanee-Conti Montrachet Grand Cru,Burgundy,Red,2015,Case,2,9800.3,ex-VAT,
Domaine de la Romanée-Conti,,Domaine de la Romanee-Conti Montrachet Grand Cru,Burgundy,Red,2014,Case,1,9200.0,ex-VAT,Étiquette abimée
Domaine de la Romanée-Conti,,Domaine de la Romanee-Conti Montrachet Grand Cru,Burgundy,Red,2014,Case,1,9660.0,ex-VAT,
Domaine de la Romanée-Conti,,Domaine de la Romanee-Conti Montrachet Grand Cru,Burgundy,Red,2013,Case,1,7956.62,ex-VAT,
Domaine de la Romanée-Conti,,Domaine de la Romanee-Conti Montrachet Grand Cru,Burgundy,Red,2013,Case,1,9775.0,ex-VAT,
Domaine de la Romanée-Conti,,Domaine de la Romanee-Conti Montrachet Grand Cru,Burgundy,Red,2011,Case,1,8395.0,ex-VAT,
Domaine de la Romanée-Conti,,Domaine de la Romanee-Conti Montrachet Grand Cru,Burgundy,Red,2008,Case,1,8648.0,ex-VAT,Très Légèrement Abimée
Domaine de la Romanée-Conti,,Domaine de la Romanee-Conti Montrachet Grand Cru,Burgundy,Red,2008,Case,1,10235.0,ex-VAT,
Domaine de la Romanée-Conti,,Domaine de la Romanee-Conti Montrachet Grand Cru,Burgundy,Red,2008,Case,1,10261.22,ex-VAT,
Domaine de la Romanée-Conti,,Domaine de la Romanee-Conti Montrachet Grand Cru,Burgundy,Red,2007,Case,1,8302.31,ex-VAT,Très Légèrement Abimée
Domaine de la Romanée-Conti,,Domaine de la Romanee-Conti Montrachet Grand Cru,Burgundy,Red,2007,Case,2,8993.69,ex-VAT,
Domaine de la Romanée-Conti,,Domaine de la Romanee-Conti Montrachet Grand Cru,Burgundy,Red,2007,Case,3,9085.0,ex-VAT,
Domaine de la Romanée-Conti,,Domaine de la Romanee-Conti Montrachet Grand Cru,Burgundy,Red,2003,Case,1,6440.0,ex-VAT,
Domaine de la Romanée-Conti,,Domaine de la Romanee-Conti Montrachet Grand Cru,Burgundy,Red,2001,Case,1,69000.0,ex-VAT,
Domaine de la Romanée-Conti,,Domaine de la Romanee-Conti Montrachet Grand Cru,Burgundy,Red,2000,Case,2,7590.0,ex-VAT,
Domaine de la Romanée-Conti,,Domaine de la Romanee-Conti Montrachet Grand Cru,Burgundy,Red,2000,Case,1,7935.0,ex-VAT,
Domaine de la Romanée-Conti,,Domaine de la Romanee-Conti Montrachet Grand Cru,Burgundy,Red,1999,Case,1,7647.5,ex-VAT,
Domaine de la Romanée-Conti,,Domaine de la Romanee-Conti Montrachet Grand Cru,Burgundy,Red,1997,Case,1,9454.609999999999,ex-VAT,
Domaine de la Romanée-Conti,,Domaine de la Romanee-Conti Montrachet Grand Cru,Burgundy,Red,1994,Case,1,7762.5,ex-VAT,
Domaine de la Romanée-Conti,,Domaine de la Romanee-Conti Richebourg Grand Cru,Burgundy,Red,2022,Case,1,3523.6,ex-VAT,PARFAIT
Domaine de la Romanée-Conti,,Domaine de la Romanee-Conti Richebourg Grand Cru,Burgundy,Red,2022,Case,1,3808.3399999999997,ex-VAT,
Domaine de la Romanée-Conti,,Domaine de la Romanee-Conti Richebourg Grand Cru,Burgundy,Red,2021,Case,1,3750.725,ex-VAT,
Domaine de la Romanée-Conti,,Domaine de la Romanee-Conti Richebourg Grand Cru,Burgundy,Red,2020,Case,1,3750.725,ex-VAT,
Domaine de la Romanée-Conti,,Domaine de la Romanee-Conti Richebourg Grand Cru,Burgundy,Red,2020,Case,1,4140.0,ex-VAT,
Domaine de la Romanée-Conti,,Domaine de la Romanee-Conti Richebourg Grand Cru,Burgundy,Red,2020,Case,1,4485.0,ex-VAT,
Domaine de la Romanée-Conti,,Domaine de la Romanee-Conti Richebourg Grand Cru,Burgundy,Red,2019,Case,1,4038.8,ex-VAT,
Domaine de la Romanée-Conti,,Domaine de la Romanee-Conti Richebourg Grand Cru,Burgundy,Red,2019,Case,2,4140.0,ex-VAT,
Domaine de la Romanée-Conti,,Domaine de la Romanee-Conti Richebourg Grand Cru,Burgundy,Red,2019,Case,5,4203.94,ex-VAT,PARFAIT
Domaine de la Romanée-Conti,,Domaine de la Romanee-Conti Richebourg Grand Cru,Burgundy,Red,2018,Case,1,3923.57,ex-VAT,
Domaine de la Romanée-Conti,,Domaine de la Romanee-Conti Richebourg Grand Cru,Burgundy,Red,2018,Case,3,4227.4,ex-VAT,Mise à dispo fin juin
Domaine de la Romanée-Conti,,Domaine de la Romanee-Conti Richebourg Grand Cru,Burgundy,Red,2018,Case,1,5175.0,ex-VAT,
Domaine de la Romanée-Conti,,Domaine de la Romanee-Conti Richebourg Grand Cru,Burgundy,Red,2017,Case,1,3392.5,ex-VAT,
Domaine de la Romanée-Conti,,Domaine de la Romanee-Conti Richebourg Grand Cru,Burgundy,Red,2017,Case,1,3635.4950000000003,ex-VAT,
Domaine de la Romanée-Conti,,Domaine de la Romanee-Conti Richebourg Grand Cru,Burgundy,Red,2017,Case,1,4025.0,ex-VAT,
Domaine de la Romanée-Conti,,Domaine de la Romanee-Conti Richebourg Grand Cru,Burgundy,Red,2017,Case,1,11413.519999999999,ex-VAT,
Domaine de la Romanée-Conti,,Domaine de la Romanee-Conti Richebourg Grand Cru,Burgundy,Red,2016,Case,1,4051.45,ex-VAT,PARFAIT
Domaine de la Romanée-Conti,,Domaine de la Romanee-Conti Richebourg Grand Cru,Burgundy,Red,2016,Case,1,4255.0,ex-VAT,
Domaine de la Romanée-Conti,,Domaine de la Romanee-Conti Richebourg Grand Cru,Burgundy,Red,2016,Case,1,10925.0,ex-VAT,
Domaine de la Romanée-Conti,,Domaine de la Romanee-Conti Richebourg Grand Cru,Burgundy,Red,2015,Case,2,3910.0,ex-VAT,
Domaine de la Romanée-Conti,,Domaine de la Romanee-Conti Richebourg Grand Cru,Burgundy,Red,2015,Case,2,4098.37,ex-VAT,PARFAIT
Domaine de la Romanée-Conti,,Domaine de la Romanee-Conti Richebourg Grand Cru,Burgundy,Red,2015,Case,3,4602.3,ex-VAT,Mise à dispo fin juin
Domaine de la Romanée-Conti,,Domaine de la Romanee-Conti Richebourg Grand Cru,Burgundy,Red,2014,Case,2,3392.5,ex-VAT,Étiquette abimée
Domaine de la Romanée-Conti,,Domaine de la Romanee-Conti Richebourg Grand Cru,Burgundy,Red,2014,Case,1,3737.5,ex-VAT,
Domaine de la Romanée-Conti,,Domaine de la Romanee-Conti Richebourg Grand Cru,Burgundy,Red,2014,Case,1,4197.5,ex-VAT,
Domaine de la Romanée-Conti,,Domaine de la Romanee-Conti Richebourg Grand Cru,Burgundy,Red,2013,Case,1,3565.0,ex-VAT,
Domaine de la Romanée-Conti,,Domaine de la Romanee-Conti Richebourg Grand Cru,Burgundy,Red,2013,Case,1,4025.0,ex-VAT,
Domaine de la Romanée-Conti,,Domaine de la Romanee-Conti Richebourg Grand Cru,Burgundy,Red,2013,Case,1,4255.0,ex-VAT,
Domaine de la Romanée-Conti,,Domaine de la Romanee-Conti Richebourg Grand Cru,Burgundy,Red,2012,Case,1,3450.0,ex-VAT,
Domaine de la Romanée-Conti,,Domaine de la Romanee-Conti Richebourg Grand Cru,Burgundy,Red,2012,Case,1,3865.955,ex-VAT,
Domaine de la Romanée-Conti,,Domaine de la Romanee-Conti Richebourg Grand Cru,Burgundy,Red,2010,Case,3,5631.55,ex-VAT,Mise à dispo fin juin
Domaine de la Romanée-Conti,,Domaine de la Romanee-Conti Richebourg Grand Cru,Burgundy,Red,2009,Case,1,3795.0,ex-VAT,
Domaine de la Romanée-Conti,,Domaine de la Romanee-Conti Richebourg Grand Cru,Burgundy,Red,2009,Case,1,4227.4,ex-VAT,PARFAIT
Domaine de la Romanée-Conti,,Domaine de la Romanee-Conti Richebourg Grand Cru,Burgundy,Red,2008,Case,1,3795.0,ex-VAT,
Domaine de la Romanée-Conti,,Domaine de la Romanee-Conti Richebourg Grand Cru,Burgundy,Red,2008,Case,1,4025.0,ex-VAT,
Domaine de la Romanée-Conti,,Domaine de la Romanee-Conti Richebourg Grand Cru,Burgundy,Red,2008,Case,1,4038.8,ex-VAT,
Domaine de la Romanée-Conti,,Domaine de la Romanee-Conti Richebourg Grand Cru,Burgundy,Red,2007,Case,2,3335.0,ex-VAT,
Domaine de la Romanée-Conti,,Domaine de la Romanee-Conti Richebourg Grand Cru,Burgundy,Red,2007,Case,1,3680.0,ex-VAT,
Domaine de la Romanée-Conti,,Domaine de la Romanee-Conti Richebourg Grand Cru,Burgundy,Red,2007,Case,2,4370.0,ex-VAT,
Domaine de la Romanée-Conti,,Domaine de la Romanee-Conti Richebourg Grand Cru,Burgundy,Red,2005,Case,1,4542.5,ex-VAT,
Domaine de la Romanée-Conti,,Domaine de la Romanee-Conti Richebourg Grand Cru,Burgundy,Red,2005,Case,1,4600.0,ex-VAT,
Domaine de la Romanée-Conti,,Domaine de la Romanee-Conti Richebourg Grand Cru,Burgundy,Red,2004,Case,1,3335.0,ex-VAT,
Domaine de la Romanée-Conti,,Domaine de la Romanee-Conti Richebourg Grand Cru,Burgundy,Red,2004,Case,1,3808.3399999999997,ex-VAT,
Domaine de la Romanée-Conti,,Domaine de la Romanee-Conti Richebourg Grand Cru,Burgundy,Red,2003,Case,1,4025.0,ex-VAT,
Domaine de la Romanée-Conti,,Domaine de la Romanee-Conti Richebourg Grand Cru,Burgundy,Red,2003,Case,1,4025.0,ex-VAT,
Domaine de la Romanée-Conti,,Domaine de la Romanee-Conti Richebourg Grand Cru,Burgundy,Red,2003,Case,6,4591.95,ex-VAT,Mise à dispo fin juin
Domaine de la Romanée-Conti,,Domaine de la Romanee-Conti Richebourg Grand Cru,Burgundy,Red,2002,Case,3,3910.0,ex-VAT,
Domaine de la Romanée-Conti,,Domaine de la Romanee-Conti Richebourg Grand Cru,Burgundy,Red,2000,Case,1,3846.175,ex-VAT,PARFAIT
Domaine de la Romanée-Conti,,Domaine de la Romanee-Conti Richebourg Grand Cru,Burgundy,Red,1999,Case,1,5117.5,ex-VAT,Serial number erased
Domaine de la Romanée-Conti,,Domaine de la Romanee-Conti Richebourg Grand Cru,Burgundy,Red,1998,Case,6,4133.1,ex-VAT,Mise à dispo fin juin
Domaine de la Romanée-Conti,,Domaine de la Romanee-Conti Richebourg Grand Cru,Burgundy,Red,1997,Case,1,3220.0,ex-VAT,
Domaine de la Romanée-Conti,,Domaine de la Romanee-Conti Richebourg Grand Cru,Burgundy,Red,1997,Case,1,4096.415,ex-VAT,
Domaine de la Romanée-Conti,,Domaine de la Romanee-Conti Richebourg Grand Cru,Burgundy,Red,1997,Case,6,4186.0,ex-VAT,
Domaine de la Romanée-Conti,,Domaine de la Romanee-Conti Richebourg Grand Cru,Burgundy,Red,1997,Case,6,4347.0,ex-VAT,Mise à dispo fin juin
Domaine de la Romanée-Conti,,Domaine de la Romanee-Conti Richebourg Grand Cru,Burgundy,Red,1996,Case,1,3220.0,ex-VAT,
Domaine de la Romanée-Conti,,Domaine de la Romanee-Conti Richebourg Grand Cru,Burgundy,Red,1996,Case,1,4154.03,ex-VAT,
Domaine de la Romanée-Conti,,Domaine de la Romanee-Conti Richebourg Grand Cru,Burgundy,Red,1996,Case,6,4476.95,ex-VAT,Mise à dispo fin juin
Domaine de la Romanée-Conti,,Domaine de la Romanee-Conti Richebourg Grand Cru,Burgundy,Red,1991,Case,1,5060.0,ex-VAT,
Domaine de la Romanée-Conti,,Domaine de la Romanee-Conti Richebourg Grand Cru,Burgundy,Red,1990,Case,1,5692.5,ex-VAT,
Domaine de la Romanée-Conti,,Domaine de la Romanee-Conti Richebourg Grand Cru,Burgundy,Red,1989,Case,1,3289.805,ex-VAT,
Domaine de la Romanée-Conti,,Domaine de la Romanee-Conti Richebourg Grand Cru,Burgundy,Red,1988,Case,1,1840.0,ex-VAT,niveau legerement bas
Domaine de la Romanée-Conti,,Domaine de la Romanee-Conti Richebourg Grand Cru,Burgundy,Red,1988,Case,1,3795.0,ex-VAT,
Domaine de la Romanée-Conti,,Domaine de la Romanee-Conti Richebourg Grand Cru,Burgundy,Red,1988,Case,1,4038.8,ex-VAT,
Domaine de la Romanée-Conti,,Domaine de la Romanee-Conti Romanee-Conti Grand Cru,Burgundy,Red,2023,Case,1,21275.0,ex-VAT,
Domaine de la Romanée-Conti,,Domaine de la Romanee-Conti Romanee-Conti Grand Cru,Burgundy,Red,2022,Case,1,18630.0,ex-VAT,
Domaine de la Romanée-Conti,,Domaine de la Romanee-Conti Romanee-Conti Grand Cru,Burgundy,Red,2021,Case,1,17135.0,ex-VAT,
Domaine de la Romanée-Conti,,Domaine de la Romanee-Conti Romanee-Conti Grand Cru,Burgundy,Red,2021,Case,2,19479.62,ex-VAT,
Domaine de la Romanée-Conti,,Domaine de la Romanee-Conti Romanee-Conti Grand Cru,Burgundy,Red,2021,Case,3,20585.0,ex-VAT,
Domaine de la Romanée-Conti,,Domaine de la Romanee-Conti Romanee-Conti Grand Cru,Burgundy,Red,2020,Case,1,18975.0,ex-VAT,
Domaine de la Romanée-Conti,,Domaine de la Romanee-Conti Romanee-Conti Grand Cru,Burgundy,Red,2020,Case,1,21092.839999999997,ex-VAT,
Domaine de la Romanée-Conti,,Domaine de la Romanee-Conti Romanee-Conti Grand Cru,Burgundy,Red,2019,Case,1,20585.0,ex-VAT,Serial number erased
Domaine de la Romanée-Conti,,Domaine de la Romanee-Conti Romanee-Conti Grand Cru,Burgundy,Red,2019,Case,3,21735.0,ex-VAT,
Domaine de la Romanée-Conti,,Domaine de la Romanee-Conti Romanee-Conti Grand Cru,Burgundy,Red,2019,Case,1,22425.0,ex-VAT,
Domaine de la Romanée-Conti,,Domaine de la Romanee-Conti Romanee-Conti Grand Cru,Burgundy,Red,2019,Case,1,22475.6,ex-VAT,
Domaine de la Romanée-Conti,,Domaine de la Romanee-Conti Romanee-Conti Grand Cru,Burgundy,Red,2018,Case,2,18975.0,ex-VAT,
Domaine de la Romanée-Conti,,Domaine de la Romanee-Conti Romanee-Conti Grand Cru,Burgundy,Red,2018,Case,2,22425.0,ex-VAT,
Domaine de la Romanée-Conti,,Domaine de la Romanee-Conti Romanee-Conti Grand Cru,Burgundy,Red,2017,Case,1,18400.0,ex-VAT,
Domaine de la Romanée-Conti,,Domaine de la Romanee-Conti Romanee-Conti Grand Cru,Burgundy,Red,2017,Case,1,18975.0,ex-VAT,
Domaine de la Romanée-Conti,,Domaine de la Romanee-Conti Romanee-Conti Grand Cru,Burgundy,Red,2017,Case,1,18975.0,ex-VAT,
Domaine de la Romanée-Conti,,Domaine de la Romanee-Conti Romanee-Conti Grand Cru,Burgundy,Red,2016,Case,1,23575.0,ex-VAT,
Domaine de la Romanée-Conti,,Domaine de la Romanee-Conti Romanee-Conti Grand Cru,Burgundy,Red,2016,Case,1,23743.13,ex-VAT,
Domaine de la Romanée-Conti,,Domaine de la Romanee-Conti Romanee-Conti Grand Cru,Burgundy,Red,2015,Case,1,21838.5,ex-VAT,
Domaine de la Romanée-Conti,,Domaine de la Romanee-Conti Romanee-Conti Grand Cru,Burgundy,Red,2015,Case,1,22195.0,ex-VAT,
Domaine de la Romanée-Conti,,Domaine de la Romanee-Conti Romanee-Conti Grand Cru,Burgundy,Red,2015,Case,1,22425.0,ex-VAT,
Domaine de la Romanée-Conti,,Domaine de la Romanee-Conti Romanee-Conti Grand Cru,Burgundy,Red,2015,Case,1,23000.0,ex-VAT,
Domaine de la Romanée-Conti,,Domaine de la Romanee-Conti Romanee-Conti Grand Cru,Burgundy,Red,2015,Case,1,23575.0,ex-VAT,
Domaine de la Romanée-Conti,,Domaine de la Romanee-Conti Romanee-Conti Grand Cru,Burgundy,Red,2015,Case,2,27485.0,ex-VAT,
Domaine de la Romanée-Conti,,Domaine de la Romanee-Conti Romanee-Conti Grand Cru,Burgundy,Red,2014,Case,2,19435.0,ex-VAT,Back label : Vega Sicilia
Domaine de la Romanée-Conti,,Domaine de la Romanee-Conti Romanee-Conti Grand Cru,Burgundy,Red,2014,Case,1,20125.0,ex-VAT,Back label : Wengler
Domaine de la Romanée-Conti,,Domaine de la Romanee-Conti Romanee-Conti Grand Cru,Burgundy,Red,2014,Case,1,20171.0,ex-VAT,
Domaine de la Romanée-Conti,,Domaine de la Romanee-Conti Romanee-Conti Grand Cru,Burgundy,Red,2014,Case,1,20585.0,ex-VAT,
Domaine de la Romanée-Conti,,Domaine de la Romanee-Conti Romanee-Conti Grand Cru,Burgundy,Red,2013,Case,3,19435.0,ex-VAT,Back label : Vega Sicilia
Domaine de la Romanée-Conti,,Domaine de la Romanee-Conti Romanee-Conti Grand Cru,Burgundy,Red,2013,Case,1,22195.0,ex-VAT,
Domaine de la Romanée-Conti,,Domaine de la Romanee-Conti Romanee-Conti Grand Cru,Burgundy,Red,2013,Case,1,65550.0,ex-VAT,1 Romanée Conti /  3 La Tâche /  2 Richebourg /  2 Romanée Saint Vivant /  2 Grands Echezeaux /  2 Echezeaux
Domaine de la Romanée-Conti,,Domaine de la Romanee-Conti Romanee-Conti Grand Cru,Burgundy,Red,2012,Case,1,18745.0,ex-VAT,
Domaine de la Romanée-Conti,,Domaine de la Romanee-Conti Romanee-Conti Grand Cru,Burgundy,Red,2012,Case,1,20125.0,ex-VAT,
Domaine de la Romanée-Conti,,Domaine de la Romanee-Conti Romanee-Conti Grand Cru,Burgundy,Red,2011,Case,1,18400.0,ex-VAT,
Domaine de la Romanée-Conti,,Domaine de la Romanee-Conti Romanee-Conti Grand Cru,Burgundy,Red,2011,Case,1,19435.0,ex-VAT,
Domaine de la Romanée-Conti,,Domaine de la Romanee-Conti Romanee-Conti Grand Cru,Burgundy,Red,2011,Case,1,19837.5,ex-VAT,Back label : Wengler
Domaine de la Romanée-Conti,,Domaine de la Romanee-Conti Romanee-Conti Grand Cru,Burgundy,Red,2010,Case,1,20700.0,ex-VAT,
Domaine de la Romanée-Conti,,Domaine de la Romanee-Conti Romanee-Conti Grand Cru,Burgundy,Red,2010,Case,1,21275.0,ex-VAT,
Domaine de la Romanée-Conti,,Domaine de la Romanee-Conti Romanee-Conti Grand Cru,Burgundy,Red,2009,Case,1,20182.5,ex-VAT,
Domaine de la Romanée-Conti,,Domaine de la Romanee-Conti Romanee-Conti Grand Cru,Burgundy,Red,2009,Case,2,20585.0,ex-VAT,Back label : Seguin Robillard
Domaine de la Romanée-Conti,,Domaine de la Romanee-Conti Romanee-Conti Grand Cru,Burgundy,Red,2009,Case,1,20642.5,ex-VAT,Back label : Wengler
Domaine de la Romanée-Conti,,Domaine de la Romanee-Conti Romanee-Conti Grand Cru,Burgundy,Red,2009,Case,1,23000.0,ex-VAT,
Domaine de la Romanée-Conti,,Domaine de la Romanee-Conti Romanee-Conti Grand Cru,Burgundy,Red,2008,Case,3,25290.8,ex-VAT,Mise à dispo fin juin
Domaine de la Romanée-Conti,,Domaine de la Romanee-Conti Romanee-Conti Grand Cru,Burgundy,Red,2007,Case,3,20375.7,ex-VAT,Mise à dispo fin juin
Domaine de la Romanée-Conti,,Domaine de la Romanee-Conti Romanee-Conti Grand Cru,Burgundy,Red,2007,Case,1,21092.839999999997,ex-VAT,
Domaine de la Romanée-Conti,,Domaine de la Romanee-Conti Romanee-Conti Grand Cru,Burgundy,Red,2007,Case,1,57040.0,ex-VAT,
Domaine de la Romanée-Conti,,Domaine de la Romanee-Conti Romanee-Conti Grand Cru,Burgundy,Red,2006,Case,1,437879.75,ex-VAT,
Domaine de la Romanée-Conti,,Domaine de la Romanee-Conti Romanee-Conti Grand Cru,Burgundy,Red,2005,Case,1,22770.0,ex-VAT,
Domaine de la Romanée-Conti,,Domaine de la Romanee-Conti Romanee-Conti Grand Cru,Burgundy,Red,2005,Case,1,23627.9,ex-VAT,Légèrement Abimée
Domaine de la Romanée-Conti,,Domaine de la Romanee-Conti Romanee-Conti Grand Cru,Burgundy,Red,2005,Case,1,27025.0,ex-VAT,
Domaine de la Romanée-Conti,,Domaine de la Romanee-Conti Romanee-Conti Grand Cru,Burgundy,Red,2004,Case,1,20459.075,ex-VAT,Très Légèrement Abimée
Domaine de la Romanée-Conti,,Domaine de la Romanee-Conti Romanee-Conti Grand Cru,Burgundy,Red,2004,Case,1,22475.6,ex-VAT,
Domaine de la Romanée-Conti,,Domaine de la Romanee-Conti Romanee-Conti Grand Cru,Burgundy,Red,2003,Case,1,51750.0,ex-VAT,
Domaine de la Romanée-Conti,,Domaine de la Romanee-Conti Romanee-Conti Grand Cru,Burgundy,Red,2002,Case,1,19550.0,ex-VAT,
Domaine de la Romanée-Conti,,Domaine de la Romanee-Conti Romanee-Conti Grand Cru,Burgundy,Red,2001,Case,3,21511.5205,ex-VAT,
Domaine de la Romanée-Conti,,Domaine de la Romanee-Conti Romanee-Conti Grand Cru,Burgundy,Red,2000,Case,1,24150.0,ex-VAT,
Domaine de la Romanée-Conti,,Domaine de la Romanee-Conti Romanee-Conti Grand Cru,Burgundy,Red,1999,Case,1,25241.12,ex-VAT,Légèrement Abimée
Domaine de la Romanée-Conti,,Domaine de la Romanee-Conti Romanee-Conti Grand Cru,Burgundy,Red,1998,Case,1,19594.85,ex-VAT,Légèrement Abimée
Domaine de la Romanée-Conti,,Domaine de la Romanee-Conti Romanee-Conti Grand Cru,Burgundy,Red,1998,Case,1,20459.075,ex-VAT,
Domaine de la Romanée-Conti,,Domaine de la Romanee-Conti Romanee-Conti Grand Cru,Burgundy,Red,1998,Case,1,178250.0,ex-VAT,
Domaine de la Romanée-Conti,,Domaine de la Romanee-Conti Romanee-Conti Grand Cru,Burgundy,Red,1996,Case,1,18442.55,ex-VAT,Légèrement Abimée
Domaine de la Romanée-Conti,,Domaine de la Romanee-Conti Romanee-Conti Grand Cru,Burgundy,Red,1996,Case,1,24725.0,ex-VAT,
Domaine de la Romanée-Conti,,Domaine de la Romanee-Conti Romanee-Conti Grand Cru,Burgundy,Red,1994,Case,2,16368.41,ex-VAT,Légèrement Abimée
Domaine de la Romanée-Conti,,Domaine de la Romanee-Conti Romanee-Conti Grand Cru,Burgundy,Red,1994,Case,1,28750.0,ex-VAT,
Domaine de la Romanée-Conti,,Domaine de la Romanee-Conti Romanee-Conti Grand Cru,Burgundy,Red,1993,Case,1,51859.25,ex-VAT,
Domaine de la Romanée-Conti,,Domaine de la Romanee-Conti Romanee-Conti Grand Cru,Burgundy,Red,1991,Case,1,17825.0,ex-VAT,
Domaine de la Romanée-Conti,,Domaine de la Romanee-Conti Romanee-Conti Grand Cru,Burgundy,Red,1990,Case,1,30935.0,ex-VAT,
Domaine de la Romanée-Conti,,Domaine de la Romanee-Conti Romanee-Conti Grand Cru,Burgundy,Red,1990,Case,1,69143.75,ex-VAT,
Domaine de la Romanée-Conti,,Domaine de la Romanee-Conti Romanee-Conti Grand Cru,Burgundy,Red,1990,Case,1,161327.75,ex-VAT,
Domaine de la Romanée-Conti,,Domaine de la Romanee-Conti Romanee-Conti Grand Cru,Burgundy,Red,1989,Case,1,16714.1,ex-VAT,Légèrement Abimée
Domaine de la Romanée-Conti,,Domaine de la Romanee-Conti Romanee-Conti Grand Cru,Burgundy,Red,1989,Case,1,17290.25,ex-VAT,Très Légèrement Abimée
Domaine de la Romanée-Conti,,Domaine de la Romanee-Conti Romanee-Conti Grand Cru,Burgundy,Red,1988,Case,1,19479.62,ex-VAT,Contre USA
Domaine de la Romanée-Conti,,Domaine de la Romanee-Conti Romanee-Conti Grand Cru,Burgundy,Red,1988,Case,6,24775.4045,ex-VAT,
Domaine de la Romanée-Conti,,Domaine de la Romanee-Conti Romanee-Saint-Vivant Grand Cru Marey-Monge,Burgundy,Red,2023,Case,2,3220.0,ex-VAT,
Domaine de la Romanée-Conti,,Domaine de la Romanee-Conti Romanee-Saint-Vivant Grand Cru Marey-Monge,Burgundy,Red,2022,Case,2,2645.0,ex-VAT,
Domaine de la Romanée-Conti,,Domaine de la Romanee-Conti Romanee-Saint-Vivant Grand Cru Marey-Monge,Burgundy,Red,2022,Case,2,3054.4,ex-VAT,PARFAIT
Domaine de la Romanée-Conti,,Domaine de la Romanee-Conti Romanee-Saint-Vivant Grand Cru Marey-Monge,Burgundy,Red,2021,Case,1,2932.5,ex-VAT,
Domaine de la Romanée-Conti,,Domaine de la Romanee-Conti Romanee-Saint-Vivant Grand Cru Marey-Monge,Burgundy,Red,2021,Case,9,3450.0,ex-VAT,
Domaine de la Romanée-Conti,,Domaine de la Romanee-Conti Romanee-Saint-Vivant Grand Cru Marey-Monge,Burgundy,Red,2021,Case,3,4312.5,ex-VAT,
Domaine de la Romanée-Conti,,Domaine de la Romanee-Conti Romanee-Saint-Vivant Grand Cru Marey-Monge,Burgundy,Red,2020,Case,1,3093.5,ex-VAT,
Domaine de la Romanée-Conti,,Domaine de la Romanee-Conti Romanee-Saint-Vivant Grand Cru Marey-Monge,Burgundy,Red,2020,Case,4,3450.0,ex-VAT,
Domaine de la Romanée-Conti,,Domaine de la Romanee-Conti Romanee-Saint-Vivant Grand Cru Marey-Monge,Burgundy,Red,2020,Case,2,4312.5,ex-VAT,
Domaine de la Romanée-Conti,,Domaine de la Romanee-Conti Romanee-Saint-Vivant Grand Cru Marey-Monge,Burgundy,Red,2019,Case,1,2990.0,ex-VAT,
Domaine de la Romanée-Conti,,Domaine de la Romanee-Conti Romanee-Saint-Vivant Grand Cru Marey-Monge,Burgundy,Red,2019,Case,2,3105.0,ex-VAT,
Domaine de la Romanée-Conti,,Domaine de la Romanee-Conti Romanee-Saint-Vivant Grand Cru Marey-Monge,Burgundy,Red,2019,Case,3,3171.7,ex-VAT,PARFAIT
Domaine de la Romanée-Conti,,Domaine de la Romanee-Conti Romanee-Saint-Vivant Grand Cru Marey-Monge,Burgundy,Red,2018,Case,1,2817.5,ex-VAT,
Domaine de la Romanée-Conti,,Domaine de la Romanee-Conti Romanee-Saint-Vivant Grand Cru Marey-Monge,Burgundy,Red,2018,Case,4,2990.0,ex-VAT,
Domaine de la Romanée-Conti,,Domaine de la Romanee-Conti Romanee-Saint-Vivant Grand Cru Marey-Monge,Burgundy,Red,2018,Case,3,3450.0,ex-VAT,
Domaine de la Romanée-Conti,,Domaine de la Romanee-Conti Romanee-Saint-Vivant Grand Cru Marey-Monge,Burgundy,Red,2018,Case,1,3450.0,ex-VAT,Contre Belge
Domaine de la Romanée-Conti,,Domaine de la Romanee-Conti Romanee-Saint-Vivant Grand Cru Marey-Monge,Burgundy,Red,2017,Case,1,2760.0,ex-VAT,
Domaine de la Romanée-Conti,,Domaine de la Romanee-Conti Romanee-Saint-Vivant Grand Cru Marey-Monge,Burgundy,Red,2017,Case,1,3162.5,ex-VAT,
Domaine de la Romanée-Conti,,Domaine de la Romanee-Conti Romanee-Saint-Vivant Grand Cru Marey-Monge,Burgundy,Red,2016,Case,2,3105.0,ex-VAT,
Domaine de la Romanée-Conti,,Domaine de la Romanee-Conti Romanee-Saint-Vivant Grand Cru Marey-Monge,Burgundy,Red,2016,Case,1,3277.2700000000004,ex-VAT,PARFAIT
Domaine de la Romanée-Conti,,Domaine de la Romanee-Conti Romanee-Saint-Vivant Grand Cru Marey-Monge,Burgundy,Red,2016,Case,3,3291.3,ex-VAT,Mise à dispo fin juin
Domaine de la Romanée-Conti,,Domaine de la Romanee-Conti Romanee-Saint-Vivant Grand Cru Marey-Monge,Burgundy,Red,2015,Case,4,2990.0,ex-VAT,
Domaine de la Romanée-Conti,,Domaine de la Romanee-Conti Romanee-Saint-Vivant Grand Cru Marey-Monge,Burgundy,Red,2015,Case,1,3406.3,ex-VAT,PARFAIT
Domaine de la Romanée-Conti,,Domaine de la Romanee-Conti Romanee-Saint-Vivant Grand Cru Marey-Monge,Burgundy,Red,2014,Case,1,2863.5,ex-VAT,
Domaine de la Romanée-Conti,,Domaine de la Romanee-Conti Romanee-Saint-Vivant Grand Cru Marey-Monge,Burgundy,Red,2014,Case,1,2875.0,ex-VAT,
Domaine de la Romanée-Conti,,Domaine de la Romanee-Conti Romanee-Saint-Vivant Grand Cru Marey-Monge,Burgundy,Red,2013,Case,1,2978.5,ex-VAT,Back label : Vega Sicilia
Domaine de la Romanée-Conti,,Domaine de la Romanee-Conti Romanee-Saint-Vivant Grand Cru Marey-Monge,Burgundy,Red,2013,Case,3,3335.0,ex-VAT,
Domaine de la Romanée-Conti,,Domaine de la Romanee-Conti Romanee-Saint-Vivant Grand Cru Marey-Monge,Burgundy,Red,2012,Case,1,3162.5,ex-VAT,Back label : Wengler
Domaine de la Romanée-Conti,,Domaine de la Romanee-Conti Romanee-Saint-Vivant Grand Cru Marey-Monge,Burgundy,Red,2012,Case,12,3190.1,ex-VAT,Mise à dispo fin juin
Domaine de la Romanée-Conti,,Domaine de la Romanee-Conti Romanee-Saint-Vivant Grand Cru Marey-Monge,Burgundy,Red,2012,Case,5,3208.5,ex-VAT,Back label : Vega Sicilia
Domaine de la Romanée-Conti,,Domaine de la Romanee-Conti Romanee-Saint-Vivant Grand Cru Marey-Monge,Burgundy,Red,2011,Case,1,2817.5,ex-VAT,
Domaine de la Romanée-Conti,,Domaine de la Romanee-Conti Romanee-Saint-Vivant Grand Cru Marey-Monge,Burgundy,Red,2011,Case,3,3151.0,ex-VAT,Mise à dispo fin juin
Domaine de la Romanée-Conti,,Domaine de la Romanee-Conti Romanee-Saint-Vivant Grand Cru Marey-Monge,Burgundy,Red,2010,Case,1,3220.0,ex-VAT,
Domaine de la Romanée-Conti,,Domaine de la Romanee-Conti Romanee-Saint-Vivant Grand Cru Marey-Monge,Burgundy,Red,2010,Case,3,3220.0,ex-VAT,
Domaine de la Romanée-Conti,,Domaine de la Romanee-Conti Romanee-Saint-Vivant Grand Cru Marey-Monge,Burgundy,Red,2010,Case,1,3335.0,ex-VAT,
Domaine de la Romanée-Conti,,Domaine de la Romanee-Conti Romanee-Saint-Vivant Grand Cru Marey-Monge,Burgundy,Red,2009,Case,2,3635.4950000000003,ex-VAT,
Domaine de la Romanée-Conti,,Domaine de la Romanee-Conti Romanee-Saint-Vivant Grand Cru Marey-Monge,Burgundy,Red,2009,Case,1,3680.0,ex-VAT,
Domaine de la Romanée-Conti,,Domaine de la Romanee-Conti Romanee-Saint-Vivant Grand Cru Marey-Monge,Burgundy,Red,2008,Case,1,2990.0,ex-VAT,
Domaine de la Romanée-Conti,,Domaine de la Romanee-Conti Romanee-Saint-Vivant Grand Cru Marey-Monge,Burgundy,Red,2008,Case,9,3308.55,ex-VAT,Mise à dispo fin juin
Domaine de la Romanée-Conti,,Domaine de la Romanee-Conti Romanee-Saint-Vivant Grand Cru Marey-Monge,Burgundy,Red,2007,Case,4,3208.5,ex-VAT,
Domaine de la Romanée-Conti,,Domaine de la Romanee-Conti Romanee-Saint-Vivant Grand Cru Marey-Monge,Burgundy,Red,2007,Case,3,3525.9,ex-VAT,Mise à dispo fin juin
Domaine de la Romanée-Conti,,Domaine de la Romanee-Conti Romanee-Saint-Vivant Grand Cru Marey-Monge,Burgundy,Red,2006,Case,1,3162.5,ex-VAT,
Domaine de la Romanée-Conti,,Domaine de la Romanee-Conti Romanee-Saint-Vivant Grand Cru Marey-Monge,Burgundy,Red,2006,Case,1,3171.7,ex-VAT,PARFAIT
Domaine de la Romanée-Conti,,Domaine de la Romanee-Conti Romanee-Saint-Vivant Grand Cru Marey-Monge,Burgundy,Red,2005,Case,1,3450.0,ex-VAT,Export Luxembourg
Domaine de la Romanée-Conti,,Domaine de la Romanee-Conti Romanee-Saint-Vivant Grand Cru Marey-Monge,Burgundy,Red,2005,Case,1,4096.415,ex-VAT,
Domaine de la Romanée-Conti,,Domaine de la Romanee-Conti Romanee-Saint-Vivant Grand Cru Marey-Monge,Burgundy,Red,2004,Case,2,3232.19,ex-VAT,
Domaine de la Romanée-Conti,,Domaine de la Romanee-Conti Romanee-Saint-Vivant Grand Cru Marey-Monge,Burgundy,Red,2004,Case,1,3450.0,ex-VAT,
Domaine de la Romanée-Conti,,Domaine de la Romanee-Conti Romanee-Saint-Vivant Grand Cru Marey-Monge,Burgundy,Red,2004,Case,6,3680.0,ex-VAT,
Domaine de la Romanée-Conti,,Domaine de la Romanee-Conti Romanee-Saint-Vivant Grand Cru Marey-Monge,Burgundy,Red,2003,Case,1,2863.5,ex-VAT,
Domaine de la Romanée-Conti,,Domaine de la Romanee-Conti Romanee-Saint-Vivant Grand Cru Marey-Monge,Burgundy,Red,2003,Case,1,2932.5,ex-VAT,
Domaine de la Romanée-Conti,,Domaine de la Romanee-Conti Romanee-Saint-Vivant Grand Cru Marey-Monge,Burgundy,Red,2003,Case,1,3277.5,ex-VAT,
Domaine de la Romanée-Conti,,Domaine de la Romanee-Conti Romanee-Saint-Vivant Grand Cru Marey-Monge,Burgundy,Red,2002,Case,3,2875.0,ex-VAT,2 x ELT Consecutive serial numbers
Domaine de la Romanée-Conti,,Domaine de la Romanee-Conti Romanee-Saint-Vivant Grand Cru Marey-Monge,Burgundy,Red,2001,Case,6,3445.4,ex-VAT,Mise à dispo fin juin
Domaine de la Romanée-Conti,,Domaine de la Romanee-Conti Romanee-Saint-Vivant Grand Cru Marey-Monge,Burgundy,Red,2001,Case,6,3808.3399999999997,ex-VAT,
Domaine de la Romanée-Conti,,Domaine de la Romanee-Conti Romanee-Saint-Vivant Grand Cru Marey-Monge,Burgundy,Red,2000,Case,1,3220.0,ex-VAT,
Domaine de la Romanée-Conti,,Domaine de la Romanee-Conti Romanee-Saint-Vivant Grand Cru Marey-Monge,Burgundy,Red,2000,Case,4,4038.8,ex-VAT,
Domaine de la Romanée-Conti,,Domaine de la Romanee-Conti Romanee-Saint-Vivant Grand Cru Marey-Monge,Burgundy,Red,2000,Case,12,4129.65,ex-VAT,Mise à dispo fin juin
Domaine de la Romanée-Conti,,Domaine de la Romanee-Conti Romanee-Saint-Vivant Grand Cru Marey-Monge,Burgundy,Red,1999,Case,2,4614.95,ex-VAT,
Domaine de la Romanée-Conti,,Domaine de la Romanee-Conti Romanee-Saint-Vivant Grand Cru Marey-Monge,Burgundy,Red,1999,Case,1,5060.0,ex-VAT,
Domaine de la Romanée-Conti,,Domaine de la Romanee-Conti Romanee-Saint-Vivant Grand Cru Marey-Monge,Burgundy,Red,1999,Case,6,5508.5,ex-VAT,Mise à dispo fin juin
Domaine de la Romanée-Conti,,Domaine de la Romanee-Conti Romanee-Saint-Vivant Grand Cru Marey-Monge,Burgundy,Red,1998,Case,1,2817.5,ex-VAT,
Domaine de la Romanée-Conti,,Domaine de la Romanee-Conti Romanee-Saint-Vivant Grand Cru Marey-Monge,Burgundy,Red,1998,Case,1,2875.0,ex-VAT,
Domaine de la Romanée-Conti,,Domaine de la Romanee-Conti Romanee-Saint-Vivant Grand Cru Marey-Monge,Burgundy,Red,1998,Case,1,40250.0,ex-VAT,
Domaine de la Romanée-Conti,,Domaine de la Romanee-Conti Romanee-Saint-Vivant Grand Cru Marey-Monge,Burgundy,Red,1996,Case,1,3577.8799999999997,ex-VAT,Légèrement Abimée
Domaine de la Romanée-Conti,,Domaine de la Romanee-Conti Romanee-Saint-Vivant Grand Cru Marey-Monge,Burgundy,Red,1993,Case,1,3277.5,ex-VAT,CE leg abimé
Domaine de la Romanée-Conti,,Domaine de la Romanee-Conti Romanee-Saint-Vivant Grand Cru Marey-Monge,Burgundy,Red,1992,Case,1,9108.92,ex-VAT,
Domaine de la Romanée-Conti,,Domaine de la Romanee-Conti Romanee-Saint-Vivant Grand Cru Marey-Monge,Burgundy,Red,1991,Case,1,7219.7,ex-VAT,
Domaine de la Romanée-Conti,,Domaine de la Romanee-Conti Romanee-Saint-Vivant Grand Cru Marey-Monge,Burgundy,Red,1990,Case,2,4701.3725,ex-VAT,
Domaine de la Romanée-Conti,,Domaine de la Romanee-Conti Romanee-Saint-Vivant Grand Cru Marey-Monge,Burgundy,Red,1989,Case,4,2713.6549999999997,ex-VAT,
Domaine de la Romanée-Conti,,Domaine de la Romanee-Conti Romanee-Saint-Vivant Grand Cru Marey-Monge,Burgundy,Red,1988,Case,2,3577.8799999999997,ex-VAT,
Domaine de la Romanée-Conti,,Domaine de la Romanee-Conti Vosne-Romanee Premier Cru Cuvee Duvault-Blochet,Burgundy,Red,2020,Case,7,2771.2700000000004,ex-VAT,
Domaine de la Romanée-Conti,,Domaine de la Romanee-Conti Vosne-Romanee Premier Cru Cuvee Duvault-Blochet,Burgundy,Red,2020,Case,1,2925.3700000000003,ex-VAT,PARFAIT
Domaine de la Romanée-Conti,,Domaine de la Romanee-Conti Vosne-Romanee Premier Cru Cuvee Duvault-Blochet,Burgundy,Red,2019,Case,2,2415.0,ex-VAT,
Domaine de la Romanée-Conti,,Domaine de la Romanee-Conti Vosne-Romanee Premier Cru Cuvee Duvault-Blochet,Burgundy,Red,2019,Case,8,3220.0,ex-VAT,
Domaine de la Romanée-Conti,,Domaine de la Romanee-Conti Vosne-Romanee Premier Cru Cuvee Duvault-Blochet,Burgundy,Red,2011,Case,1,2990.0,ex-VAT,
Domaine de la Romanée-Conti,,Domaine de la Romanee-Conti Vosne-Romanee Premier Cru Cuvee Duvault-Blochet,Burgundy,Red,2004,Case,2,2702.5,ex-VAT,
Domaine de la Romanée-Conti,,Domaine de la Romanee-Conti Vosne-Romanee Premier Cru Cuvee Duvault-Blochet,Burgundy,Red,2004,Case,1,2990.0,ex-VAT,
Domaine de la Romanée-Conti,,Domaine de la Romanee-Conti Vosne-Romanee Premier Cru Cuvee Duvault-Blochet,Burgundy,Red,1999,Case,1,2540.81,ex-VAT,Légèrement Abimée
Domaine de la Romanée-Conti,,Domaine de la Romanee-Conti Vosne-Romanee Premier Cru Les Petits Monts,Burgundy,Red,2022,Case,2,6612.5,ex-VAT,
Domaine de la Romanée-Conti,,Domaine de la Romanee-Conti Vosne-Romanee Premier Cru Les Petits Monts,Burgundy,Red,2022,Case,1,6785.0,ex-VAT,
Domaine de la Romanée-Conti,,Domaine de la Romanee-Conti Vosne-Romanee Premier Cru Les Petits Monts,Burgundy,Red,2020,Case,2,6327.07,ex-VAT,PARFAIT
Domaine de la Romanée-Conti,,Domaine de la Romanee-Conti Vosne-Romanee Premier Cru Les Petits Monts,Burgundy,Red,2020,Case,2,6900.0,ex-VAT,
Domaine de la Romanée-Conti,,Domaine de la Romanee-Conti Vosne-Romanee Premier Cru Les Petits Monts,Burgundy,Red,2019,Case,3,5175.0,ex-VAT,
Domaine de la Romanée-Conti,,Domaine de la Romanee-Conti Vosne-Romanee Premier Cru Les Petits Monts,Burgundy,Red,2018,Case,2,5376.25,ex-VAT,
Domaine de la Romanée-Conti,,Domaine de la Romanee-Conti Vosne-Romanee Premier Cru Les Petits Monts,Burgundy,Red,2018,Case,1,6095.0,ex-VAT,
Domaine de la Romanée-Conti,,Domaine de la Romanee-Conti Montrachet Grand Cru,Burgundy,Red,2018,Case,1,9288.0,ex-VAT,
Domaine de la Romanée-Conti,,Domaine de la Romanee-Conti Richebourg Grand Cru,Burgundy,Red,2014,Case,1,3966.0,ex-VAT,
Domaine de la Romanée-Conti,,Domaine de la Romanee-Conti Romanée-St-Vivant,Burgundy,Red,2014,Case,1,3364.0,ex-VAT,
Domaine de la Romanée-Conti,,Domaine de la Romanee-Conti Romanée-St-Vivant,Burgundy,Red,2012,Case,1,3304.0,ex-VAT,
Domaine de la Romanée-Conti,,Domaine de la Romanee-Conti Romanée-St-Vivant,Burgundy,Red,2009,Case,1,3705.0,ex-VAT,
